Protein,Mut,Wt_seq,Mut_seq,Mut_seq,DDG
1A0FA,S11A,MKLFYKPGACSLASHITLRESGKDFTLVSVDLMKKRLENGDDYFAVNPKGQVPALLLDDGTLLTEGVAIMQYLADSVPDRQLLAPVNSISRYKTIEWLNYIATELHKGFTPLFRPDTPEEYKPTVRAQLEKKLQYVNEALKDEHWICGQRFTIADAYLFTVLRWAYAVKLNLEGLEHIAAFMQRMAERPEVQDALSAEGLK,S11A,MKLFYKPGACALASHITLRESGKDFTLVSVDLMKKRLENGDDYFAVNPKGQVPALLLDDGTLLTEGVAIMQYLADSVPDRQLLAPVNSISRYKTIEWLNYIATELHKGFTPLFRPDTPEEYKPTVRAQLEKKLQYVNEALKDEHWICGQRFTIADAYLFTVLRWAYAVKLNLEGLEHIAAFMQRMAERPEVQDALSAEGLK,-1.8
1A7VA,A104H,QTDVIAQRKAILKQMGEATKPIAAMLKGEAKFDQAVVQKSLAAIADDSKKLPALFPADSKTGGDTAALPKIWEDKAKFDDLFAKLAAAATAAQGTIKDEASLKANIGGVLGNCKSCHDDFRAKKS,A104H,QTDVIAQRKAILKQMGEATKPIAAMLKGEAKFDQAVVQKSLAAIADDSKKLPALFPADSKTGGDTAALPKIWEDKAKFDDLFAKLAAAATAAQGTIKDEASLKHNIGGVLGNCKSCHDDFRAKKS,-2.69
1A7VA,A66H,QTDVIAQRKAILKQMGEATKPIAAMLKGEAKFDQAVVQKSLAAIADDSKKLPALFPADSKTGGDTAALPKIWEDKAKFDDLFAKLAAAATAAQGTIKDEASLKANIGGVLGNCKSCHDDFRAKKS,A66H,QTDVIAQRKAILKQMGEATKPIAAMLKGEAKFDQAVVQKSLAAIADDSKKLPALFPADSKTGGDTHALPKIWEDKAKFDDLFAKLAAAATAAQGTIKDEASLKANIGGVLGNCKSCHDDFRAKKS,-1.98
1A7VA,A91H,QTDVIAQRKAILKQMGEATKPIAAMLKGEAKFDQAVVQKSLAAIADDSKKLPALFPADSKTGGDTAALPKIWEDKAKFDDLFAKLAAAATAAQGTIKDEASLKANIGGVLGNCKSCHDDFRAKKS,A91H,QTDVIAQRKAILKQMGEATKPIAAMLKGEAKFDQAVVQKSLAAIADDSKKLPALFPADSKTGGDTAALPKIWEDKAKFDDLFAKLAAAATHAQGTIKDEASLKANIGGVLGNCKSCHDDFRAKKS,-1.7
1A7VA,D3H,QTDVIAQRKAILKQMGEATKPIAAMLKGEAKFDQAVVQKSLAAIADDSKKLPALFPADSKTGGDTAALPKIWEDKAKFDDLFAKLAAAATAAQGTIKDEASLKANIGGVLGNCKSCHDDFRAKKS,D3H,QTHVIAQRKAILKQMGEATKPIAAMLKGEAKFDQAVVQKSLAAIADDSKKLPALFPADSKTGGDTAALPKIWEDKAKFDDLFAKLAAAATAAQGTIKDEASLKANIGGVLGNCKSCHDDFRAKKS,-1.36
1A7VA,D58H,QTDVIAQRKAILKQMGEATKPIAAMLKGEAKFDQAVVQKSLAAIADDSKKLPALFPADSKTGGDTAALPKIWEDKAKFDDLFAKLAAAATAAQGTIKDEASLKANIGGVLGNCKSCHDDFRAKKS,D58H,QTDVIAQRKAILKQMGEATKPIAAMLKGEAKFDQAVVQKSLAAIADDSKKLPALFPAHSKTGGDTAALPKIWEDKAKFDDLFAKLAAAATAAQGTIKDEASLKANIGGVLGNCKSCHDDFRAKKS,-2.05
1A7VA,E73H,QTDVIAQRKAILKQMGEATKPIAAMLKGEAKFDQAVVQKSLAAIADDSKKLPALFPADSKTGGDTAALPKIWEDKAKFDDLFAKLAAAATAAQGTIKDEASLKANIGGVLGNCKSCHDDFRAKKS,E73H,QTDVIAQRKAILKQMGEATKPIAAMLKGEAKFDQAVVQKSLAAIADDSKKLPALFPADSKTGGDTAALPKIWHDKAKFDDLFAKLAAAATAAQGTIKDEASLKANIGGVLGNCKSCHDDFRAKKS,-3.01
1A7VA,K13H,QTDVIAQRKAILKQMGEATKPIAAMLKGEAKFDQAVVQKSLAAIADDSKKLPALFPADSKTGGDTAALPKIWEDKAKFDDLFAKLAAAATAAQGTIKDEASLKANIGGVLGNCKSCHDDFRAKKS,K13H,QTDVIAQRKAILHQMGEATKPIAAMLKGEAKFDQAVVQKSLAAIADDSKKLPALFPADSKTGGDTAALPKIWEDKAKFDDLFAKLAAAATAAQGTIKDEASLKANIGGVLGNCKSCHDDFRAKKS,-0.6
1A7VA,K20H,QTDVIAQRKAILKQMGEATKPIAAMLKGEAKFDQAVVQKSLAAIADDSKKLPALFPADSKTGGDTAALPKIWEDKAKFDDLFAKLAAAATAAQGTIKDEASLKANIGGVLGNCKSCHDDFRAKKS,K20H,QTDVIAQRKAILKQMGEATHPIAAMLKGEAKFDQAVVQKSLAAIADDSKKLPALFPADSKTGGDTAALPKIWEDKAKFDDLFAKLAAAATAAQGTIKDEASLKANIGGVLGNCKSCHDDFRAKKS,-2.88
1A7VA,K31H,QTDVIAQRKAILKQMGEATKPIAAMLKGEAKFDQAVVQKSLAAIADDSKKLPALFPADSKTGGDTAALPKIWEDKAKFDDLFAKLAAAATAAQGTIKDEASLKANIGGVLGNCKSCHDDFRAKKS,K31H,QTDVIAQRKAILKQMGEATKPIAAMLKGEAHFDQAVVQKSLAAIADDSKKLPALFPADSKTGGDTAALPKIWEDKAKFDDLFAKLAAAATAAQGTIKDEASLKANIGGVLGNCKSCHDDFRAKKS,-1.36
1A7VA,K39H,QTDVIAQRKAILKQMGEATKPIAAMLKGEAKFDQAVVQKSLAAIADDSKKLPALFPADSKTGGDTAALPKIWEDKAKFDDLFAKLAAAATAAQGTIKDEASLKANIGGVLGNCKSCHDDFRAKKS,K39H,QTDVIAQRKAILKQMGEATKPIAAMLKGEAKFDQAVVQHSLAAIADDSKKLPALFPADSKTGGDTAALPKIWEDKAKFDDLFAKLAAAATAAQGTIKDEASLKANIGGVLGNCKSCHDDFRAKKS,-1.86
1A7VA,K49H,QTDVIAQRKAILKQMGEATKPIAAMLKGEAKFDQAVVQKSLAAIADDSKKLPALFPADSKTGGDTAALPKIWEDKAKFDDLFAKLAAAATAAQGTIKDEASLKANIGGVLGNCKSCHDDFRAKKS,K49H,QTDVIAQRKAILKQMGEATKPIAAMLKGEAKFDQAVVQKSLAAIADDSHKLPALFPADSKTGGDTAALPKIWEDKAKFDDLFAKLAAAATAAQGTIKDEASLKANIGGVLGNCKSCHDDFRAKKS,-2.02
1A7VA,K84H,QTDVIAQRKAILKQMGEATKPIAAMLKGEAKFDQAVVQKSLAAIADDSKKLPALFPADSKTGGDTAALPKIWEDKAKFDDLFAKLAAAATAAQGTIKDEASLKANIGGVLGNCKSCHDDFRAKKS,K84H,QTDVIAQRKAILKQMGEATKPIAAMLKGEAKFDQAVVQKSLAAIADDSKKLPALFPADSKTGGDTAALPKIWEDKAKFDDLFAHLAAAATAAQGTIKDEASLKANIGGVLGNCKSCHDDFRAKKS,-2.88
1A7VA,K97H,QTDVIAQRKAILKQMGEATKPIAAMLKGEAKFDQAVVQKSLAAIADDSKKLPALFPADSKTGGDTAALPKIWEDKAKFDDLFAKLAAAATAAQGTIKDEASLKANIGGVLGNCKSCHDDFRAKKS,K97H,QTDVIAQRKAILKQMGEATKPIAAMLKGEAKFDQAVVQKSLAAIADDSKKLPALFPADSKTGGDTAALPKIWEDKAKFDDLFAKLAAAATAAQGTIHDEASLKANIGGVLGNCKSCHDDFRAKKS,-1.97
1BFMA,M35W,MELPIAPIGRIIKDAGAERVSDDARITLAKILEEMGRDIASEAIKLARHAGRKTIKAEDIELAVRRFKK,M35W,MELPIAPIGRIIKDAGAERVSDDARITLAKILEEWGRDIASEAIKLARHAGRKTIKAEDIELAVRRFKK,-0.7
1BFMA,M35Y,MELPIAPIGRIIKDAGAERVSDDARITLAKILEEMGRDIASEAIKLARHAGRKTIKAEDIELAVRRFKK,M35Y,MELPIAPIGRIIKDAGAERVSDDARITLAKILEEYGRDIASEAIKLARHAGRKTIKAEDIELAVRRFKK,-0.4
1BNLA,D76A,HSHRDFQPVLHLVALNAPLSGGMRGIRGADFQCFQQARAVGLAGTFRAFLSSRLQDLYSIVRRADRAAVPIVNLKDELLFPSWEALFSGSEGPLKPGARIFSFDGKDVLRHPTWPQKSVWHGSDPNGRRLTESYCETWRTEAPSATGQASSLLGGRLLGQSAASCHHAYIVLCIENSF,D76A,HSHRDFQPVLHLVALNAPLSGGMRGIRGADFQCFQQARAVGLAGTFRAFLSSRLQDLYSIVRRADRAAVPIVNLKAELLFPSWEALFSGSEGPLKPGARIFSFDGKDVLRHPTWPQKSVWHGSDPNGRRLTESYCETWRTEAPSATGQASSLLGGRLLGQSAASCHHAYIVLCIENSF,-0.821
1D5GA,H71Y,PKPGDIFEVELAKNDNSLGISVTGGVNTSVRHGGIYVKAVIPQGAAESDGRIHKGDRVLAVNGVSLEGATHKQAVETLRNTGQVVHLLLEKGQSPT,H71Y,PKPGDIFEVELAKNDNSLGISVTGGVNTSVRHGGIYVKAVIPQGAAESDGRIHKGDRVLAVNGVSLEGATYKQAVETLRNTGQVVHLLLEKGQSPT,-0.04
1D5GA,I20F,PKPGDIFEVELAKNDNSLGISVTGGVNTSVRHGGIYVKAVIPQGAAESDGRIHKGDRVLAVNGVSLEGATHKQAVETLRNTGQVVHLLLEKGQSPT,I20F,PKPGDIFEVELAKNDNSLGFSVTGGVNTSVRHGGIYVKAVIPQGAAESDGRIHKGDRVLAVNGVSLEGATHKQAVETLRNTGQVVHLLLEKGQSPT,0.91
1DIVA,D23A,MKVIFLKDVKGKGKKGEIKNVADGYANNFLFKQGLAIEATPANLKALEAQKQKEQRQAAEELANAKKLKEQLEKLTVTIPAKAGEGGRLFGSITSKQIAESLQAQHGLKLDKRKIELADAIRALGYTNVPVKLHPEVTATLKVHVTEQK,D23A,MKVIFLKDVKGKGKKGEIKNVAAGYANNFLFKQGLAIEATPANLKALEAQKQKEQRQAAEELANAKKLKEQLEKLTVTIPAKAGEGGRLFGSITSKQIAESLQAQHGLKLDKRKIELADAIRALGYTNVPVKLHPEVTATLKVHVTEQK,-0.46
1DIVA,D23N,MKVIFLKDVKGKGKKGEIKNVADGYANNFLFKQGLAIEATPANLKALEAQKQKEQRQAAEELANAKKLKEQLEKLTVTIPAKAGEGGRLFGSITSKQIAESLQAQHGLKLDKRKIELADAIRALGYTNVPVKLHPEVTATLKVHVTEQK,D23N,MKVIFLKDVKGKGKKGEIKNVANGYANNFLFKQGLAIEATPANLKALEAQKQKEQRQAAEELANAKKLKEQLEKLTVTIPAKAGEGGRLFGSITSKQIAESLQAQHGLKLDKRKIELADAIRALGYTNVPVKLHPEVTATLKVHVTEQK,-0.58
1DIVA,D8N,MKVIFLKDVKGKGKKGEIKNVADGYANNFLFKQGLAIEATPANLKALEAQKQKEQRQAAEELANAKKLKEQLEKLTVTIPAKAGEGGRLFGSITSKQIAESLQAQHGLKLDKRKIELADAIRALGYTNVPVKLHPEVTATLKVHVTEQK,D8N,MKVIFLKNVKGKGKKGEIKNVADGYANNFLFKQGLAIEATPANLKALEAQKQKEQRQAAEELANAKKLKEQLEKLTVTIPAKAGEGGRLFGSITSKQIAESLQAQHGLKLDKRKIELADAIRALGYTNVPVKLHPEVTATLKVHVTEQK,-0.3
1DIVA,E100A,MKVIFLKDVKGKGKKGEIKNVADGYANNFLFKQGLAIEATPANLKALEAQKQKEQRQAAEELANAKKLKEQLEKLTVTIPAKAGEGGRLFGSITSKQIAESLQAQHGLKLDKRKIELADAIRALGYTNVPVKLHPEVTATLKVHVTEQK,E100A,MKVIFLKDVKGKGKKGEIKNVADGYANNFLFKQGLAIEATPANLKALEAQKQKEQRQAAEELANAKKLKEQLEKLTVTIPAKAGEGGRLFGSITSKQIAASLQAQHGLKLDKRKIELADAIRALGYTNVPVKLHPEVTATLKVHVTEQK,-0.98
1DIVA,E100G,MKVIFLKDVKGKGKKGEIKNVADGYANNFLFKQGLAIEATPANLKALEAQKQKEQRQAAEELANAKKLKEQLEKLTVTIPAKAGEGGRLFGSITSKQIAESLQAQHGLKLDKRKIELADAIRALGYTNVPVKLHPEVTATLKVHVTEQK,E100G,MKVIFLKDVKGKGKKGEIKNVADGYANNFLFKQGLAIEATPANLKALEAQKQKEQRQAAEELANAKKLKEQLEKLTVTIPAKAGEGGRLFGSITSKQIAGSLQAQHGLKLDKRKIELADAIRALGYTNVPVKLHPEVTATLKVHVTEQK,-1.52
1DIVA,E17Q,MKVIFLKDVKGKGKKGEIKNVADGYANNFLFKQGLAIEATPANLKALEAQKQKEQRQAAEELANAKKLKEQLEKLTVTIPAKAGEGGRLFGSITSKQIAESLQAQHGLKLDKRKIELADAIRALGYTNVPVKLHPEVTATLKVHVTEQK,E17Q,MKVIFLKDVKGKGKKGQIKNVADGYANNFLFKQGLAIEATPANLKALEAQKQKEQRQAAEELANAKKLKEQLEKLTVTIPAKAGEGGRLFGSITSKQIAESLQAQHGLKLDKRKIELADAIRALGYTNVPVKLHPEVTATLKVHVTEQK,-0.21
1DIVA,E38Q,MKVIFLKDVKGKGKKGEIKNVADGYANNFLFKQGLAIEATPANLKALEAQKQKEQRQAAEELANAKKLKEQLEKLTVTIPAKAGEGGRLFGSITSKQIAESLQAQHGLKLDKRKIELADAIRALGYTNVPVKLHPEVTATLKVHVTEQK,E38Q,MKVIFLKDVKGKGKKGEIKNVADGYANNFLFKQGLAIQATPANLKALEAQKQKEQRQAAEELANAKKLKEQLEKLTVTIPAKAGEGGRLFGSITSKQIAESLQAQHGLKLDKRKIELADAIRALGYTNVPVKLHPEVTATLKVHVTEQK,-0.56
1DIVA,E48Q,MKVIFLKDVKGKGKKGEIKNVADGYANNFLFKQGLAIEATPANLKALEAQKQKEQRQAAEELANAKKLKEQLEKLTVTIPAKAGEGGRLFGSITSKQIAESLQAQHGLKLDKRKIELADAIRALGYTNVPVKLHPEVTATLKVHVTEQK,E48Q,MKVIFLKDVKGKGKKGEIKNVADGYANNFLFKQGLAIEATPANLKALQAQKQKEQRQAAEELANAKKLKEQLEKLTVTIPAKAGEGGRLFGSITSKQIAESLQAQHGLKLDKRKIELADAIRALGYTNVPVKLHPEVTATLKVHVTEQK,0.03
1DIVA,E54Q,MKVIFLKDVKGKGKKGEIKNVADGYANNFLFKQGLAIEATPANLKALEAQKQKEQRQAAEELANAKKLKEQLEKLTVTIPAKAGEGGRLFGSITSKQIAESLQAQHGLKLDKRKIELADAIRALGYTNVPVKLHPEVTATLKVHVTEQK,E54Q,MKVIFLKDVKGKGKKGEIKNVADGYANNFLFKQGLAIEATPANLKALEAQKQKQQRQAAEELANAKKLKEQLEKLTVTIPAKAGEGGRLFGSITSKQIAESLQAQHGLKLDKRKIELADAIRALGYTNVPVKLHPEVTATLKVHVTEQK,0.33
1DIVA,H106Q,MKVIFLKDVKGKGKKGEIKNVADGYANNFLFKQGLAIEATPANLKALEAQKQKEQRQAAEELANAKKLKEQLEKLTVTIPAKAGEGGRLFGSITSKQIAESLQAQHGLKLDKRKIELADAIRALGYTNVPVKLHPEVTATLKVHVTEQK,H106Q,MKVIFLKDVKGKGKKGEIKNVADGYANNFLFKQGLAIEATPANLKALEAQKQKEQRQAAEELANAKKLKEQLEKLTVTIPAKAGEGGRLFGSITSKQIAESLQAQQGLKLDKRKIELADAIRALGYTNVPVKLHPEVTATLKVHVTEQK,-1.53
1DIVA,H134Q,MKVIFLKDVKGKGKKGEIKNVADGYANNFLFKQGLAIEATPANLKALEAQKQKEQRQAAEELANAKKLKEQLEKLTVTIPAKAGEGGRLFGSITSKQIAESLQAQHGLKLDKRKIELADAIRALGYTNVPVKLHPEVTATLKVHVTEQK,H134Q,MKVIFLKDVKGKGKKGEIKNVADGYANNFLFKQGLAIEATPANLKALEAQKQKEQRQAAEELANAKKLKEQLEKLTVTIPAKAGEGGRLFGSITSKQIAESLQAQHGLKLDKRKIELADAIRALGYTNVPVKLQPEVTATLKVHVTEQK,-0.34
1DIVA,H144Q,MKVIFLKDVKGKGKKGEIKNVADGYANNFLFKQGLAIEATPANLKALEAQKQKEQRQAAEELANAKKLKEQLEKLTVTIPAKAGEGGRLFGSITSKQIAESLQAQHGLKLDKRKIELADAIRALGYTNVPVKLHPEVTATLKVHVTEQK,H144Q,MKVIFLKDVKGKGKKGEIKNVADGYANNFLFKQGLAIEATPANLKALEAQKQKEQRQAAEELANAKKLKEQLEKLTVTIPAKAGEGGRLFGSITSKQIAESLQAQHGLKLDKRKIELADAIRALGYTNVPVKLHPEVTATLKVQVTEQK,-0.56
1DIVA,I115A,MKVIFLKDVKGKGKKGEIKNVADGYANNFLFKQGLAIEATPANLKALEAQKQKEQRQAAEELANAKKLKEQLEKLTVTIPAKAGEGGRLFGSITSKQIAESLQAQHGLKLDKRKIELADAIRALGYTNVPVKLHPEVTATLKVHVTEQK,I115A,MKVIFLKDVKGKGKKGEIKNVADGYANNFLFKQGLAIEATPANLKALEAQKQKEQRQAAEELANAKKLKEQLEKLTVTIPAKAGEGGRLFGSITSKQIAESLQAQHGLKLDKRKAELADAIRALGYTNVPVKLHPEVTATLKVHVTEQK,-3.52
1DIVA,I121A,MKVIFLKDVKGKGKKGEIKNVADGYANNFLFKQGLAIEATPANLKALEAQKQKEQRQAAEELANAKKLKEQLEKLTVTIPAKAGEGGRLFGSITSKQIAESLQAQHGLKLDKRKIELADAIRALGYTNVPVKLHPEVTATLKVHVTEQK,I121A,MKVIFLKDVKGKGKKGEIKNVADGYANNFLFKQGLAIEATPANLKALEAQKQKEQRQAAEELANAKKLKEQLEKLTVTIPAKAGEGGRLFGSITSKQIAESLQAQHGLKLDKRKIELADAARALGYTNVPVKLHPEVTATLKVHVTEQK,-2.88
1DIVA,I4A,MKVIFLKDVKGKGKKGEIKNVADGYANNFLFKQGLAIEATPANLKALEAQKQKEQRQAAEELANAKKLKEQLEKLTVTIPAKAGEGGRLFGSITSKQIAESLQAQHGLKLDKRKIELADAIRALGYTNVPVKLHPEVTATLKVHVTEQK,I4A,MKVAFLKDVKGKGKKGEIKNVADGYANNFLFKQGLAIEATPANLKALEAQKQKEQRQAAEELANAKKLKEQLEKLTVTIPAKAGEGGRLFGSITSKQIAESLQAQHGLKLDKRKIELADAIRALGYTNVPVKLHPEVTATLKVHVTEQK,-2.22
1DIVA,I4V,MKVIFLKDVKGKGKKGEIKNVADGYANNFLFKQGLAIEATPANLKALEAQKQKEQRQAAEELANAKKLKEQLEKLTVTIPAKAGEGGRLFGSITSKQIAESLQAQHGLKLDKRKIELADAIRALGYTNVPVKLHPEVTATLKVHVTEQK,I4V,MKVVFLKDVKGKGKKGEIKNVADGYANNFLFKQGLAIEATPANLKALEAQKQKEQRQAAEELANAKKLKEQLEKLTVTIPAKAGEGGRLFGSITSKQIAESLQAQHGLKLDKRKIELADAIRALGYTNVPVKLHPEVTATLKVHVTEQK,-0.59
1DIVA,I79A,MKVIFLKDVKGKGKKGEIKNVADGYANNFLFKQGLAIEATPANLKALEAQKQKEQRQAAEELANAKKLKEQLEKLTVTIPAKAGEGGRLFGSITSKQIAESLQAQHGLKLDKRKIELADAIRALGYTNVPVKLHPEVTATLKVHVTEQK,I79A,MKVIFLKDVKGKGKKGEIKNVADGYANNFLFKQGLAIEATPANLKALEAQKQKEQRQAAEELANAKKLKEQLEKLTVTAPAKAGEGGRLFGSITSKQIAESLQAQHGLKLDKRKIELADAIRALGYTNVPVKLHPEVTATLKVHVTEQK,-3.49
1DIVA,I93A,MKVIFLKDVKGKGKKGEIKNVADGYANNFLFKQGLAIEATPANLKALEAQKQKEQRQAAEELANAKKLKEQLEKLTVTIPAKAGEGGRLFGSITSKQIAESLQAQHGLKLDKRKIELADAIRALGYTNVPVKLHPEVTATLKVHVTEQK,I93A,MKVIFLKDVKGKGKKGEIKNVADGYANNFLFKQGLAIEATPANLKALEAQKQKEQRQAAEELANAKKLKEQLEKLTVTIPAKAGEGGRLFGSATSKQIAESLQAQHGLKLDKRKIELADAIRALGYTNVPVKLHPEVTATLKVHVTEQK,-3.19
1DIVA,I98A,MKVIFLKDVKGKGKKGEIKNVADGYANNFLFKQGLAIEATPANLKALEAQKQKEQRQAAEELANAKKLKEQLEKLTVTIPAKAGEGGRLFGSITSKQIAESLQAQHGLKLDKRKIELADAIRALGYTNVPVKLHPEVTATLKVHVTEQK,I98A,MKVIFLKDVKGKGKKGEIKNVADGYANNFLFKQGLAIEATPANLKALEAQKQKEQRQAAEELANAKKLKEQLEKLTVTIPAKAGEGGRLFGSITSKQAAESLQAQHGLKLDKRKIELADAIRALGYTNVPVKLHPEVTATLKVHVTEQK,-4.28
1DIVA,K10M,MKVIFLKDVKGKGKKGEIKNVADGYANNFLFKQGLAIEATPANLKALEAQKQKEQRQAAEELANAKKLKEQLEKLTVTIPAKAGEGGRLFGSITSKQIAESLQAQHGLKLDKRKIELADAIRALGYTNVPVKLHPEVTATLKVHVTEQK,K10M,MKVIFLKDVMGKGKKGEIKNVADGYANNFLFKQGLAIEATPANLKALEAQKQKEQRQAAEELANAKKLKEQLEKLTVTIPAKAGEGGRLFGSITSKQIAESLQAQHGLKLDKRKIELADAIRALGYTNVPVKLHPEVTATLKVHVTEQK,0.05
1DIVA,K14M,MKVIFLKDVKGKGKKGEIKNVADGYANNFLFKQGLAIEATPANLKALEAQKQKEQRQAAEELANAKKLKEQLEKLTVTIPAKAGEGGRLFGSITSKQIAESLQAQHGLKLDKRKIELADAIRALGYTNVPVKLHPEVTATLKVHVTEQK,K14M,MKVIFLKDVKGKGMKGEIKNVADGYANNFLFKQGLAIEATPANLKALEAQKQKEQRQAAEELANAKKLKEQLEKLTVTIPAKAGEGGRLFGSITSKQIAESLQAQHGLKLDKRKIELADAIRALGYTNVPVKLHPEVTATLKVHVTEQK,0.01
1DIVA,K15M,MKVIFLKDVKGKGKKGEIKNVADGYANNFLFKQGLAIEATPANLKALEAQKQKEQRQAAEELANAKKLKEQLEKLTVTIPAKAGEGGRLFGSITSKQIAESLQAQHGLKLDKRKIELADAIRALGYTNVPVKLHPEVTATLKVHVTEQK,K15M,MKVIFLKDVKGKGKMGEIKNVADGYANNFLFKQGLAIEATPANLKALEAQKQKEQRQAAEELANAKKLKEQLEKLTVTIPAKAGEGGRLFGSITSKQIAESLQAQHGLKLDKRKIELADAIRALGYTNVPVKLHPEVTATLKVHVTEQK,-0.31
1DIVA,K7M,MKVIFLKDVKGKGKKGEIKNVADGYANNFLFKQGLAIEATPANLKALEAQKQKEQRQAAEELANAKKLKEQLEKLTVTIPAKAGEGGRLFGSITSKQIAESLQAQHGLKLDKRKIELADAIRALGYTNVPVKLHPEVTATLKVHVTEQK,K7M,MKVIFLMDVKGKGKKGEIKNVADGYANNFLFKQGLAIEATPANLKALEAQKQKEQRQAAEELANAKKLKEQLEKLTVTIPAKAGEGGRLFGSITSKQIAESLQAQHGLKLDKRKIELADAIRALGYTNVPVKLHPEVTATLKVHVTEQK,0.35
1DIVA,K96A,MKVIFLKDVKGKGKKGEIKNVADGYANNFLFKQGLAIEATPANLKALEAQKQKEQRQAAEELANAKKLKEQLEKLTVTIPAKAGEGGRLFGSITSKQIAESLQAQHGLKLDKRKIELADAIRALGYTNVPVKLHPEVTATLKVHVTEQK,K96A,MKVIFLKDVKGKGKKGEIKNVADGYANNFLFKQGLAIEATPANLKALEAQKQKEQRQAAEELANAKKLKEQLEKLTVTIPAKAGEGGRLFGSITSAQIAESLQAQHGLKLDKRKIELADAIRALGYTNVPVKLHPEVTATLKVHVTEQK,0.61
1DIVA,K96G,MKVIFLKDVKGKGKKGEIKNVADGYANNFLFKQGLAIEATPANLKALEAQKQKEQRQAAEELANAKKLKEQLEKLTVTIPAKAGEGGRLFGSITSKQIAESLQAQHGLKLDKRKIELADAIRALGYTNVPVKLHPEVTATLKVHVTEQK,K96G,MKVIFLKDVKGKGKKGEIKNVADGYANNFLFKQGLAIEATPANLKALEAQKQKEQRQAAEELANAKKLKEQLEKLTVTIPAKAGEGGRLFGSITSGQIAESLQAQHGLKLDKRKIELADAIRALGYTNVPVKLHPEVTATLKVHVTEQK,-0.2
1DIVA,L102A,MKVIFLKDVKGKGKKGEIKNVADGYANNFLFKQGLAIEATPANLKALEAQKQKEQRQAAEELANAKKLKEQLEKLTVTIPAKAGEGGRLFGSITSKQIAESLQAQHGLKLDKRKIELADAIRALGYTNVPVKLHPEVTATLKVHVTEQK,L102A,MKVIFLKDVKGKGKKGEIKNVADGYANNFLFKQGLAIEATPANLKALEAQKQKEQRQAAEELANAKKLKEQLEKLTVTIPAKAGEGGRLFGSITSKQIAESAQAQHGLKLDKRKIELADAIRALGYTNVPVKLHPEVTATLKVHVTEQK,-2.37
1DIVA,L108A,MKVIFLKDVKGKGKKGEIKNVADGYANNFLFKQGLAIEATPANLKALEAQKQKEQRQAAEELANAKKLKEQLEKLTVTIPAKAGEGGRLFGSITSKQIAESLQAQHGLKLDKRKIELADAIRALGYTNVPVKLHPEVTATLKVHVTEQK,L108A,MKVIFLKDVKGKGKKGEIKNVADGYANNFLFKQGLAIEATPANLKALEAQKQKEQRQAAEELANAKKLKEQLEKLTVTIPAKAGEGGRLFGSITSKQIAESLQAQHGAKLDKRKIELADAIRALGYTNVPVKLHPEVTATLKVHVTEQK,-2.33
1DIVA,L110A,MKVIFLKDVKGKGKKGEIKNVADGYANNFLFKQGLAIEATPANLKALEAQKQKEQRQAAEELANAKKLKEQLEKLTVTIPAKAGEGGRLFGSITSKQIAESLQAQHGLKLDKRKIELADAIRALGYTNVPVKLHPEVTATLKVHVTEQK,L110A,MKVIFLKDVKGKGKKGEIKNVADGYANNFLFKQGLAIEATPANLKALEAQKQKEQRQAAEELANAKKLKEQLEKLTVTIPAKAGEGGRLFGSITSKQIAESLQAQHGLKADKRKIELADAIRALGYTNVPVKLHPEVTATLKVHVTEQK,-3.21
1DIVA,L117A,MKVIFLKDVKGKGKKGEIKNVADGYANNFLFKQGLAIEATPANLKALEAQKQKEQRQAAEELANAKKLKEQLEKLTVTIPAKAGEGGRLFGSITSKQIAESLQAQHGLKLDKRKIELADAIRALGYTNVPVKLHPEVTATLKVHVTEQK,L117A,MKVIFLKDVKGKGKKGEIKNVADGYANNFLFKQGLAIEATPANLKALEAQKQKEQRQAAEELANAKKLKEQLEKLTVTIPAKAGEGGRLFGSITSKQIAESLQAQHGLKLDKRKIEAADAIRALGYTNVPVKLHPEVTATLKVHVTEQK,-0.82
1DIVA,L133A,MKVIFLKDVKGKGKKGEIKNVADGYANNFLFKQGLAIEATPANLKALEAQKQKEQRQAAEELANAKKLKEQLEKLTVTIPAKAGEGGRLFGSITSKQIAESLQAQHGLKLDKRKIELADAIRALGYTNVPVKLHPEVTATLKVHVTEQK,L133A,MKVIFLKDVKGKGKKGEIKNVADGYANNFLFKQGLAIEATPANLKALEAQKQKEQRQAAEELANAKKLKEQLEKLTVTIPAKAGEGGRLFGSITSKQIAESLQAQHGLKLDKRKIELADAIRALGYTNVPVKAHPEVTATLKVHVTEQK,-2.94
1DIVA,L141A,MKVIFLKDVKGKGKKGEIKNVADGYANNFLFKQGLAIEATPANLKALEAQKQKEQRQAAEELANAKKLKEQLEKLTVTIPAKAGEGGRLFGSITSKQIAESLQAQHGLKLDKRKIELADAIRALGYTNVPVKLHPEVTATLKVHVTEQK,L141A,MKVIFLKDVKGKGKKGEIKNVADGYANNFLFKQGLAIEATPANLKALEAQKQKEQRQAAEELANAKKLKEQLEKLTVTIPAKAGEGGRLFGSITSKQIAESLQAQHGLKLDKRKIELADAIRALGYTNVPVKLHPEVTATAKVHVTEQK,-3.56
1DIVA,L30A,MKVIFLKDVKGKGKKGEIKNVADGYANNFLFKQGLAIEATPANLKALEAQKQKEQRQAAEELANAKKLKEQLEKLTVTIPAKAGEGGRLFGSITSKQIAESLQAQHGLKLDKRKIELADAIRALGYTNVPVKLHPEVTATLKVHVTEQK,L30A,MKVIFLKDVKGKGKKGEIKNVADGYANNFAFKQGLAIEATPANLKALEAQKQKEQRQAAEELANAKKLKEQLEKLTVTIPAKAGEGGRLFGSITSKQIAESLQAQHGLKLDKRKIELADAIRALGYTNVPVKLHPEVTATLKVHVTEQK,-2.76
1DIVA,L30V,MKVIFLKDVKGKGKKGEIKNVADGYANNFLFKQGLAIEATPANLKALEAQKQKEQRQAAEELANAKKLKEQLEKLTVTIPAKAGEGGRLFGSITSKQIAESLQAQHGLKLDKRKIELADAIRALGYTNVPVKLHPEVTATLKVHVTEQK,L30V,MKVIFLKDVKGKGKKGEIKNVADGYANNFVFKQGLAIEATPANLKALEAQKQKEQRQAAEELANAKKLKEQLEKLTVTIPAKAGEGGRLFGSITSKQIAESLQAQHGLKLDKRKIELADAIRALGYTNVPVKLHPEVTATLKVHVTEQK,-3.62
1DIVA,L6A,MKVIFLKDVKGKGKKGEIKNVADGYANNFLFKQGLAIEATPANLKALEAQKQKEQRQAAEELANAKKLKEQLEKLTVTIPAKAGEGGRLFGSITSKQIAESLQAQHGLKLDKRKIELADAIRALGYTNVPVKLHPEVTATLKVHVTEQK,L6A,MKVIFAKDVKGKGKKGEIKNVADGYANNFLFKQGLAIEATPANLKALEAQKQKEQRQAAEELANAKKLKEQLEKLTVTIPAKAGEGGRLFGSITSKQIAESLQAQHGLKLDKRKIELADAIRALGYTNVPVKLHPEVTATLKVHVTEQK,-3.1
1DIVA,L6I,MKVIFLKDVKGKGKKGEIKNVADGYANNFLFKQGLAIEATPANLKALEAQKQKEQRQAAEELANAKKLKEQLEKLTVTIPAKAGEGGRLFGSITSKQIAESLQAQHGLKLDKRKIELADAIRALGYTNVPVKLHPEVTATLKVHVTEQK,L6I,MKVIFIKDVKGKGKKGEIKNVADGYANNFLFKQGLAIEATPANLKALEAQKQKEQRQAAEELANAKKLKEQLEKLTVTIPAKAGEGGRLFGSITSKQIAESLQAQHGLKLDKRKIELADAIRALGYTNVPVKLHPEVTATLKVHVTEQK,-0.13
1DIVA,L6V,MKVIFLKDVKGKGKKGEIKNVADGYANNFLFKQGLAIEATPANLKALEAQKQKEQRQAAEELANAKKLKEQLEKLTVTIPAKAGEGGRLFGSITSKQIAESLQAQHGLKLDKRKIELADAIRALGYTNVPVKLHPEVTATLKVHVTEQK,L6V,MKVIFVKDVKGKGKKGEIKNVADGYANNFLFKQGLAIEATPANLKALEAQKQKEQRQAAEELANAKKLKEQLEKLTVTIPAKAGEGGRLFGSITSKQIAESLQAQHGLKLDKRKIELADAIRALGYTNVPVKLHPEVTATLKVHVTEQK,-0.41
1DIVA,L72A,MKVIFLKDVKGKGKKGEIKNVADGYANNFLFKQGLAIEATPANLKALEAQKQKEQRQAAEELANAKKLKEQLEKLTVTIPAKAGEGGRLFGSITSKQIAESLQAQHGLKLDKRKIELADAIRALGYTNVPVKLHPEVTATLKVHVTEQK,L72A,MKVIFLKDVKGKGKKGEIKNVADGYANNFLFKQGLAIEATPANLKALEAQKQKEQRQAAEELANAKKLKEQAEKLTVTIPAKAGEGGRLFGSITSKQIAESLQAQHGLKLDKRKIELADAIRALGYTNVPVKLHPEVTATLKVHVTEQK,-3.77
1DIVA,M1A,MKVIFLKDVKGKGKKGEIKNVADGYANNFLFKQGLAIEATPANLKALEAQKQKEQRQAAEELANAKKLKEQLEKLTVTIPAKAGEGGRLFGSITSKQIAESLQAQHGLKLDKRKIELADAIRALGYTNVPVKLHPEVTATLKVHVTEQK,M1A,AKVIFLKDVKGKGKKGEIKNVADGYANNFLFKQGLAIEATPANLKALEAQKQKEQRQAAEELANAKKLKEQLEKLTVTIPAKAGEGGRLFGSITSKQIAESLQAQHGLKLDKRKIELADAIRALGYTNVPVKLHPEVTATLKVHVTEQK,-1.46
1DIVA,M1G,MKVIFLKDVKGKGKKGEIKNVADGYANNFLFKQGLAIEATPANLKALEAQKQKEQRQAAEELANAKKLKEQLEKLTVTIPAKAGEGGRLFGSITSKQIAESLQAQHGLKLDKRKIELADAIRALGYTNVPVKLHPEVTATLKVHVTEQK,M1G,GKVIFLKDVKGKGKKGEIKNVADGYANNFLFKQGLAIEATPANLKALEAQKQKEQRQAAEELANAKKLKEQLEKLTVTIPAKAGEGGRLFGSITSKQIAESLQAQHGLKLDKRKIELADAIRALGYTNVPVKLHPEVTATLKVHVTEQK,-2.36
1DIVA,V129A,MKVIFLKDVKGKGKKGEIKNVADGYANNFLFKQGLAIEATPANLKALEAQKQKEQRQAAEELANAKKLKEQLEKLTVTIPAKAGEGGRLFGSITSKQIAESLQAQHGLKLDKRKIELADAIRALGYTNVPVKLHPEVTATLKVHVTEQK,V129A,MKVIFLKDVKGKGKKGEIKNVADGYANNFLFKQGLAIEATPANLKALEAQKQKEQRQAAEELANAKKLKEQLEKLTVTIPAKAGEGGRLFGSITSKQIAESLQAQHGLKLDKRKIELADAIRALGYTNAPVKLHPEVTATLKVHVTEQK,-1.81
1DIVA,V131A,MKVIFLKDVKGKGKKGEIKNVADGYANNFLFKQGLAIEATPANLKALEAQKQKEQRQAAEELANAKKLKEQLEKLTVTIPAKAGEGGRLFGSITSKQIAESLQAQHGLKLDKRKIELADAIRALGYTNVPVKLHPEVTATLKVHVTEQK,V131A,MKVIFLKDVKGKGKKGEIKNVADGYANNFLFKQGLAIEATPANLKALEAQKQKEQRQAAEELANAKKLKEQLEKLTVTIPAKAGEGGRLFGSITSKQIAESLQAQHGLKLDKRKIELADAIRALGYTNVPAKLHPEVTATLKVHVTEQK,-1.93
1DIVA,V137A,MKVIFLKDVKGKGKKGEIKNVADGYANNFLFKQGLAIEATPANLKALEAQKQKEQRQAAEELANAKKLKEQLEKLTVTIPAKAGEGGRLFGSITSKQIAESLQAQHGLKLDKRKIELADAIRALGYTNVPVKLHPEVTATLKVHVTEQK,V137A,MKVIFLKDVKGKGKKGEIKNVADGYANNFLFKQGLAIEATPANLKALEAQKQKEQRQAAEELANAKKLKEQLEKLTVTIPAKAGEGGRLFGSITSKQIAESLQAQHGLKLDKRKIELADAIRALGYTNVPVKLHPEATATLKVHVTEQK,-2.41
1DIVA,V143A,MKVIFLKDVKGKGKKGEIKNVADGYANNFLFKQGLAIEATPANLKALEAQKQKEQRQAAEELANAKKLKEQLEKLTVTIPAKAGEGGRLFGSITSKQIAESLQAQHGLKLDKRKIELADAIRALGYTNVPVKLHPEVTATLKVHVTEQK,V143A,MKVIFLKDVKGKGKKGEIKNVADGYANNFLFKQGLAIEATPANLKALEAQKQKEQRQAAEELANAKKLKEQLEKLTVTIPAKAGEGGRLFGSITSKQIAESLQAQHGLKLDKRKIELADAIRALGYTNVPVKLHPEVTATLKAHVTEQK,-3.25
1DIVA,V145A,MKVIFLKDVKGKGKKGEIKNVADGYANNFLFKQGLAIEATPANLKALEAQKQKEQRQAAEELANAKKLKEQLEKLTVTIPAKAGEGGRLFGSITSKQIAESLQAQHGLKLDKRKIELADAIRALGYTNVPVKLHPEVTATLKVHVTEQK,V145A,MKVIFLKDVKGKGKKGEIKNVADGYANNFLFKQGLAIEATPANLKALEAQKQKEQRQAAEELANAKKLKEQLEKLTVTIPAKAGEGGRLFGSITSKQIAESLQAQHGLKLDKRKIELADAIRALGYTNVPVKLHPEVTATLKVHATEQK,-1.92
1DIVA,V21A,MKVIFLKDVKGKGKKGEIKNVADGYANNFLFKQGLAIEATPANLKALEAQKQKEQRQAAEELANAKKLKEQLEKLTVTIPAKAGEGGRLFGSITSKQIAESLQAQHGLKLDKRKIELADAIRALGYTNVPVKLHPEVTATLKVHVTEQK,V21A,MKVIFLKDVKGKGKKGEIKNAADGYANNFLFKQGLAIEATPANLKALEAQKQKEQRQAAEELANAKKLKEQLEKLTVTIPAKAGEGGRLFGSITSKQIAESLQAQHGLKLDKRKIELADAIRALGYTNVPVKLHPEVTATLKVHVTEQK,-2.33
1DIVA,V21I,MKVIFLKDVKGKGKKGEIKNVADGYANNFLFKQGLAIEATPANLKALEAQKQKEQRQAAEELANAKKLKEQLEKLTVTIPAKAGEGGRLFGSITSKQIAESLQAQHGLKLDKRKIELADAIRALGYTNVPVKLHPEVTATLKVHVTEQK,V21I,MKVIFLKDVKGKGKKGEIKNIADGYANNFLFKQGLAIEATPANLKALEAQKQKEQRQAAEELANAKKLKEQLEKLTVTIPAKAGEGGRLFGSITSKQIAESLQAQHGLKLDKRKIELADAIRALGYTNVPVKLHPEVTATLKVHVTEQK,-0.4
1DIVA,V21L,MKVIFLKDVKGKGKKGEIKNVADGYANNFLFKQGLAIEATPANLKALEAQKQKEQRQAAEELANAKKLKEQLEKLTVTIPAKAGEGGRLFGSITSKQIAESLQAQHGLKLDKRKIELADAIRALGYTNVPVKLHPEVTATLKVHVTEQK,V21L,MKVIFLKDVKGKGKKGEIKNLADGYANNFLFKQGLAIEATPANLKALEAQKQKEQRQAAEELANAKKLKEQLEKLTVTIPAKAGEGGRLFGSITSKQIAESLQAQHGLKLDKRKIELADAIRALGYTNVPVKLHPEVTATLKVHVTEQK,-1.23
1DIVA,V3A,MKVIFLKDVKGKGKKGEIKNVADGYANNFLFKQGLAIEATPANLKALEAQKQKEQRQAAEELANAKKLKEQLEKLTVTIPAKAGEGGRLFGSITSKQIAESLQAQHGLKLDKRKIELADAIRALGYTNVPVKLHPEVTATLKVHVTEQK,V3A,MKAIFLKDVKGKGKKGEIKNVADGYANNFLFKQGLAIEATPANLKALEAQKQKEQRQAAEELANAKKLKEQLEKLTVTIPAKAGEGGRLFGSITSKQIAESLQAQHGLKLDKRKIELADAIRALGYTNVPVKLHPEVTATLKVHVTEQK,-2.55
1DIVA,V3I,MKVIFLKDVKGKGKKGEIKNVADGYANNFLFKQGLAIEATPANLKALEAQKQKEQRQAAEELANAKKLKEQLEKLTVTIPAKAGEGGRLFGSITSKQIAESLQAQHGLKLDKRKIELADAIRALGYTNVPVKLHPEVTATLKVHVTEQK,V3I,MKIIFLKDVKGKGKKGEIKNVADGYANNFLFKQGLAIEATPANLKALEAQKQKEQRQAAEELANAKKLKEQLEKLTVTIPAKAGEGGRLFGSITSKQIAESLQAQHGLKLDKRKIELADAIRALGYTNVPVKLHPEVTATLKVHVTEQK,-0.31
1DIVA,V3L,MKVIFLKDVKGKGKKGEIKNVADGYANNFLFKQGLAIEATPANLKALEAQKQKEQRQAAEELANAKKLKEQLEKLTVTIPAKAGEGGRLFGSITSKQIAESLQAQHGLKLDKRKIELADAIRALGYTNVPVKLHPEVTATLKVHVTEQK,V3L,MKLIFLKDVKGKGKKGEIKNVADGYANNFLFKQGLAIEATPANLKALEAQKQKEQRQAAEELANAKKLKEQLEKLTVTIPAKAGEGGRLFGSITSKQIAESLQAQHGLKLDKRKIELADAIRALGYTNVPVKLHPEVTATLKVHVTEQK,-2.21
1EKGA,L111C,GSHMGSLDETTYERLAEETLDSLAEFFEDLADKPYTFEDYDVSFGSGVLTVKLGGDLGTYVINKQTPNKQIWLSSPSSGPKRYDWTGKNWVYSHDGVSLHELLAAELTKALKTKLDLSSLAYSGKDA,L111C,GSHMGSLDETTYERLAEETLDSLAEFFEDLADKPYTFEDYDVSFGSGVLTVKLGGDLGTYVINKQTPNKQIWLSSPSSGPKRYDWTGKNWVYSHDGVSLHELLAAELTKACKTKLDLSSLAYSGKDA,-2.0
1FH5H,S15N,SGGGLVKPAGSLKLSCAASGFTFSSYYMYWVRQTPDKRLEWVATISDGGSYTYYPDSVKGRFTISRDNAKNNLYLQMSSLKSEDTAMYYCARDAMDYWGQGTLVTVSAAKTTPPSVYPLAVTLGCLVKGYFPEPVTVTWNSGSLSSGVHTFPAVLQSDLYTLSSSVTVTSSTWPSETVTCNVAHPASSTKVDKKIVPR,S15N,SGGGLVKPAGSLKLNCAASGFTFSSYYMYWVRQTPDKRLEWVATISDGGSYTYYPDSVKGRFTISRDNAKNNLYLQMSSLKSEDTAMYYCARDAMDYWGQGTLVTVSAAKTTPPSVYPLAVTLGCLVKGYFPEPVTVTWNSGSLSSGVHTFPAVLQSDLYTLSSSVTVTSSTWPSETVTCNVAHPASSTKVDKKIVPR,0.6
1FRDA,H42R,ASYQVRLINKKQDIDTTIEIDEETTILDGAEENGIELPFSCHSGSCSSCVGKVVEGEVDQSDQIFLDDEQMGKGFALLCVTYPRSNCTIKTHQEPYLA,H42R,ASYQVRLINKKQDIDTTIEIDEETTILDGAEENGIELPFSCRSGSCSSCVGKVVEGEVDQSDQIFLDDEQMGKGFALLCVTYPRSNCTIKTHQEPYLA,4.0
1FT8A,L195A,PPERGGAGTSQDGTSKNWFKITIPYGRKYDKAWLLSMIQSKCSVPFTPIEFHYENTRAQFFVEDASTASALKAVNYKILDRENRRISIIINSSAPPHTILNELKPEQVEQLKLIMSKRYDGSQQVLDLKGLRSDPDLVAQNIDVVLNRRSCMAATLRIIEENIPELLSLNLSNNRLYRLDDMSSIVQKAPNLKILNLSGNELKSERELDKIKGLKLEELWLDGNSLCDTFRDQSTYISAIRERFPKLLRLDGHELPPPIAFDVEAPTTLPP,L195A,PPERGGAGTSQDGTSKNWFKITIPYGRKYDKAWLLSMIQSKCSVPFTPIEFHYENTRAQFFVEDASTASALKAVNYKILDRENRRISIIINSSAPPHTILNELKPEQVEQLKLIMSKRYDGSQQVLDLKGLRSDPDLVAQNIDVVLNRRSCMAATLRIIEENIPELLSLNLSNNRLYRLDDMSSIVQKAPNLKIANLSGNELKSERELDKIKGLKLEELWLDGNSLCDTFRDQSTYISAIRERFPKLLRLDGHELPPPIAFDVEAPTTLPP,-1.65
1FT8A,L197I,PPERGGAGTSQDGTSKNWFKITIPYGRKYDKAWLLSMIQSKCSVPFTPIEFHYENTRAQFFVEDASTASALKAVNYKILDRENRRISIIINSSAPPHTILNELKPEQVEQLKLIMSKRYDGSQQVLDLKGLRSDPDLVAQNIDVVLNRRSCMAATLRIIEENIPELLSLNLSNNRLYRLDDMSSIVQKAPNLKILNLSGNELKSERELDKIKGLKLEELWLDGNSLCDTFRDQSTYISAIRERFPKLLRLDGHELPPPIAFDVEAPTTLPP,L197I,PPERGGAGTSQDGTSKNWFKITIPYGRKYDKAWLLSMIQSKCSVPFTPIEFHYENTRAQFFVEDASTASALKAVNYKILDRENRRISIIINSSAPPHTILNELKPEQVEQLKLIMSKRYDGSQQVLDLKGLRSDPDLVAQNIDVVLNRRSCMAATLRIIEENIPELLSLNLSNNRLYRLDDMSSIVQKAPNLKILNISGNELKSERELDKIKGLKLEELWLDGNSLCDTFRDQSTYISAIRERFPKLLRLDGHELPPPIAFDVEAPTTLPP,-0.85
1FXAA,E94D,ATFKVTLINEAEGTKHEIEVPDDEYILDAAEEQGYDLPFSCRAGACSTCAGKLVSGTVDQSDQSFLDDDQIEAGYVLTCVAYPTSDVVIQTHKEEDLY,E94D,ATFKVTLINEAEGTKHEIEVPDDEYILDAAEEQGYDLPFSCRAGACSTCAGKLVSGTVDQSDQSFLDDDQIEAGYVLTCVAYPTSDVVIQTHKDEDLY,-1.1
1FXAA,E94K,ATFKVTLINEAEGTKHEIEVPDDEYILDAAEEQGYDLPFSCRAGACSTCAGKLVSGTVDQSDQSFLDDDQIEAGYVLTCVAYPTSDVVIQTHKEEDLY,E94K,ATFKVTLINEAEGTKHEIEVPDDEYILDAAEEQGYDLPFSCRAGACSTCAGKLVSGTVDQSDQSFLDDDQIEAGYVLTCVAYPTSDVVIQTHKKEDLY,-0.4
1FXAA,E94Q,ATFKVTLINEAEGTKHEIEVPDDEYILDAAEEQGYDLPFSCRAGACSTCAGKLVSGTVDQSDQSFLDDDQIEAGYVLTCVAYPTSDVVIQTHKEEDLY,E94Q,ATFKVTLINEAEGTKHEIEVPDDEYILDAAEEQGYDLPFSCRAGACSTCAGKLVSGTVDQSDQSFLDDDQIEAGYVLTCVAYPTSDVVIQTHKQEDLY,0.6
1FXAA,E95K,ATFKVTLINEAEGTKHEIEVPDDEYILDAAEEQGYDLPFSCRAGACSTCAGKLVSGTVDQSDQSFLDDDQIEAGYVLTCVAYPTSDVVIQTHKEEDLY,E95K,ATFKVTLINEAEGTKHEIEVPDDEYILDAAEEQGYDLPFSCRAGACSTCAGKLVSGTVDQSDQSFLDDDQIEAGYVLTCVAYPTSDVVIQTHKEKDLY,1.0
1FXAA,F65A,ATFKVTLINEAEGTKHEIEVPDDEYILDAAEEQGYDLPFSCRAGACSTCAGKLVSGTVDQSDQSFLDDDQIEAGYVLTCVAYPTSDVVIQTHKEEDLY,F65A,ATFKVTLINEAEGTKHEIEVPDDEYILDAAEEQGYDLPFSCRAGACSTCAGKLVSGTVDQSDQSALDDDQIEAGYVLTCVAYPTSDVVIQTHKEEDLY,-1.0
1FXAA,F65I,ATFKVTLINEAEGTKHEIEVPDDEYILDAAEEQGYDLPFSCRAGACSTCAGKLVSGTVDQSDQSFLDDDQIEAGYVLTCVAYPTSDVVIQTHKEEDLY,F65I,ATFKVTLINEAEGTKHEIEVPDDEYILDAAEEQGYDLPFSCRAGACSTCAGKLVSGTVDQSDQSILDDDQIEAGYVLTCVAYPTSDVVIQTHKEEDLY,-0.9
1FXAA,F65W,ATFKVTLINEAEGTKHEIEVPDDEYILDAAEEQGYDLPFSCRAGACSTCAGKLVSGTVDQSDQSFLDDDQIEAGYVLTCVAYPTSDVVIQTHKEEDLY,F65W,ATFKVTLINEAEGTKHEIEVPDDEYILDAAEEQGYDLPFSCRAGACSTCAGKLVSGTVDQSDQSWLDDDQIEAGYVLTCVAYPTSDVVIQTHKEEDLY,-0.6
1FXAA,F65Y,ATFKVTLINEAEGTKHEIEVPDDEYILDAAEEQGYDLPFSCRAGACSTCAGKLVSGTVDQSDQSFLDDDQIEAGYVLTCVAYPTSDVVIQTHKEEDLY,F65Y,ATFKVTLINEAEGTKHEIEVPDDEYILDAAEEQGYDLPFSCRAGACSTCAGKLVSGTVDQSDQSYLDDDQIEAGYVLTCVAYPTSDVVIQTHKEEDLY,-0.5
1FXAA,R42A,ATFKVTLINEAEGTKHEIEVPDDEYILDAAEEQGYDLPFSCRAGACSTCAGKLVSGTVDQSDQSFLDDDQIEAGYVLTCVAYPTSDVVIQTHKEEDLY,R42A,ATFKVTLINEAEGTKHEIEVPDDEYILDAAEEQGYDLPFSCAAGACSTCAGKLVSGTVDQSDQSFLDDDQIEAGYVLTCVAYPTSDVVIQTHKEEDLY,-2.4
1FXAA,R42H,ATFKVTLINEAEGTKHEIEVPDDEYILDAAEEQGYDLPFSCRAGACSTCAGKLVSGTVDQSDQSFLDDDQIEAGYVLTCVAYPTSDVVIQTHKEEDLY,R42H,ATFKVTLINEAEGTKHEIEVPDDEYILDAAEEQGYDLPFSCHAGACSTCAGKLVSGTVDQSDQSFLDDDQIEAGYVLTCVAYPTSDVVIQTHKEEDLY,-1.4
1FXAA,T48A,ATFKVTLINEAEGTKHEIEVPDDEYILDAAEEQGYDLPFSCRAGACSTCAGKLVSGTVDQSDQSFLDDDQIEAGYVLTCVAYPTSDVVIQTHKEEDLY,T48A,ATFKVTLINEAEGTKHEIEVPDDEYILDAAEEQGYDLPFSCRAGACSACAGKLVSGTVDQSDQSFLDDDQIEAGYVLTCVAYPTSDVVIQTHKEEDLY,0.1
1GUAB,L71A,PSKTSNTIRVFLPNKQRTVVNVRNGMSLHDCLMKALKVRGLQPECCAVFRLLHEHKGKKARLDWNTDAASLIGEELQVDFL,L71A,PSKTSNTIRVFLPNKQRTVVNVRNGMSLHDCLMKALKVRGLQPECCAVFRLLHEHKGKKARLDWNTDAASAIGEELQVDFL,-3.405
1GUAB,L36A,PSKTSNTIRVFLPNKQRTVVNVRNGMSLHDCLMKALKVRGLQPECCAVFRLLHEHKGKKARLDWNTDAASLIGEELQVDFL,L36A,PSKTSNTIRVFLPNKQRTVVNVRNGMSLHDCLMKAAKVRGLQPECCAVFRLLHEHKGKKARLDWNTDAASLIGEELQVDFL,-1.575
1GWYA,A8D,ALAGTIIAGASLTFQVLDKVLEELGKVSRKIAVGIDNESGGTWTALNAYFRSGTTDVILPEFVPNTKALLYSGRKDTGPVATGAVAAFAYYMSSGNTLGVMFSVPFDYNWYSNWWDVKIYSGKRRADQGMYEDLYYGNPYRGDNGWHEKNLGYGLRMKGIMTSAGEAKMQIKISR,A8D,ALAGTIIDGASLTFQVLDKVLEELGKVSRKIAVGIDNESGGTWTALNAYFRSGTTDVILPEFVPNTKALLYSGRKDTGPVATGAVAAFAYYMSSGNTLGVMFSVPFDYNWYSNWWDVKIYSGKRRADQGMYEDLYYGNPYRGDNGWHEKNLGYGLRMKGIMTSAGEAKMQIKISR,-1.6
1IOJA,G15A,TPDVSSALDKLKEFGNTLEDKARELISRIKQSELSAKMREWFSETFQKVKEKLKIDS,G15A,TPDVSSALDKLKEFANTLEDKARELISRIKQSELSAKMREWFSETFQKVKEKLKIDS,0.4
1ITMA,C25T,MHKCDITLQEIIKTLNSLTEQKTLCTELTVTDIFAASKNTTEKETFCRAATVLRQFYSHHEKDTRCLGATAQQFHRHKQLIRFLKRLDRNLWGLAGLNSCPVKEANQSTLENFLERLKTIMREKYSKCSS,C25T,MHKCDITLQEIIKTLNSLTEQKTLTTELTVTDIFAASKNTTEKETFCRAATVLRQFYSHHEKDTRCLGATAQQFHRHKQLIRFLKRLDRNLWGLAGLNSCPVKEANQSTLENFLERLKTIMREKYSKCSS,-3.3
1ITMA,C4T,MHKCDITLQEIIKTLNSLTEQKTLCTELTVTDIFAASKNTTEKETFCRAATVLRQFYSHHEKDTRCLGATAQQFHRHKQLIRFLKRLDRNLWGLAGLNSCPVKEANQSTLENFLERLKTIMREKYSKCSS,C4T,MHKTDITLQEIIKTLNSLTEQKTLCTELTVTDIFAASKNTTEKETFCRAATVLRQFYSHHEKDTRCLGATAQQFHRHKQLIRFLKRLDRNLWGLAGLNSCPVKEANQSTLENFLERLKTIMREKYSKCSS,-5.0
1ITMA,W92S,MHKCDITLQEIIKTLNSLTEQKTLCTELTVTDIFAASKNTTEKETFCRAATVLRQFYSHHEKDTRCLGATAQQFHRHKQLIRFLKRLDRNLWGLAGLNSCPVKEANQSTLENFLERLKTIMREKYSKCSS,W92S,MHKCDITLQEIIKTLNSLTEQKTLCTELTVTDIFAASKNTTEKETFCRAATVLRQFYSHHEKDTRCLGATAQQFHRHKQLIRFLKRLDRNLSGLAGLNSCPVKEANQSTLENFLERLKTIMREKYSKCSS,1.4
1IV7B,A73C,GEWEIIDIGPFTQNLGKFAVDEENKIGQYGRLTFNKVIRPCMKKTIYENEGFREIKGYEYQLYVYASDKLFRADISEDYKTRGRKLLRFNGPVPPP,A73C,GEWEIIDIGPFTQNLGKFAVDEENKIGQYGRLTFNKVIRPCMKKTIYENEGFREIKGYEYQLYVYASDKLFRCDISEDYKTRGRKLLRFNGPVPPP,0.5
1IV7B,F89C,GEWEIIDIGPFTQNLGKFAVDEENKIGQYGRLTFNKVIRPCMKKTIYENEGFREIKGYEYQLYVYASDKLFRADISEDYKTRGRKLLRFNGPVPPP,F89C,GEWEIIDIGPFTQNLGKFAVDEENKIGQYGRLTFNKVIRPCMKKTIYENEGFREIKGYEYQLYVYASDKLFRADISEDYKTRGRKLLRCNGPVPPP,-2.5
1IV7B,L62C,GEWEIIDIGPFTQNLGKFAVDEENKIGQYGRLTFNKVIRPCMKKTIYENEGFREIKGYEYQLYVYASDKLFRADISEDYKTRGRKLLRFNGPVPPP,L62C,GEWEIIDIGPFTQNLGKFAVDEENKIGQYGRLTFNKVIRPCMKKTIYENEGFREIKGYEYQCYVYASDKLFRADISEDYKTRGRKLLRFNGPVPPP,-1.9
1IV9A,S76Y,GEWEIIDIGPFTQNLGKFAVDEENKIGQYGRLTFNKVIRPCMKKTIYEENGFREIKGYEYQLYVYASDKLFRADISEDYKTRGRKLLRFNGPVPPP,S76Y,GEWEIIDIGPFTQNLGKFAVDEENKIGQYGRLTFNKVIRPCMKKTIYEENGFREIKGYEYQLYVYASDKLFRADIYEDYKTRGRKLLRFNGPVPPP,4.299
1J8IA,K25A,VGSEVSDKRTCVSLTTQRLPVSRIKTYTITEGSLRAVIFITKRGLKVCADPQATWVRDVVRSMDRKSNTRNNMIQTKPTGTQQSTNTAVTLTG,K25A,VGSEVSDKRTCVSLTTQRLPVSRIATYTITEGSLRAVIFITKRGLKVCADPQATWVRDVVRSMDRKSNTRNNMIQTKPTGTQQSTNTAVTLTG,0.1
1J8IA,K66A,VGSEVSDKRTCVSLTTQRLPVSRIKTYTITEGSLRAVIFITKRGLKVCADPQATWVRDVVRSMDRKSNTRNNMIQTKPTGTQQSTNTAVTLTG,K66A,VGSEVSDKRTCVSLTTQRLPVSRIKTYTITEGSLRAVIFITKRGLKVCADPQATWVRDVVRSMDRASNTRNNMIQTKPTGTQQSTNTAVTLTG,0.1
1J8IA,R23A,VGSEVSDKRTCVSLTTQRLPVSRIKTYTITEGSLRAVIFITKRGLKVCADPQATWVRDVVRSMDRKSNTRNNMIQTKPTGTQQSTNTAVTLTG,R23A,VGSEVSDKRTCVSLTTQRLPVSAIKTYTITEGSLRAVIFITKRGLKVCADPQATWVRDVVRSMDRKSNTRNNMIQTKPTGTQQSTNTAVTLTG,0.8
1J8IA,R35A,VGSEVSDKRTCVSLTTQRLPVSRIKTYTITEGSLRAVIFITKRGLKVCADPQATWVRDVVRSMDRKSNTRNNMIQTKPTGTQQSTNTAVTLTG,R35A,VGSEVSDKRTCVSLTTQRLPVSRIKTYTITEGSLAAVIFITKRGLKVCADPQATWVRDVVRSMDRKSNTRNNMIQTKPTGTQQSTNTAVTLTG,-0.1
1J8IA,R43A,VGSEVSDKRTCVSLTTQRLPVSRIKTYTITEGSLRAVIFITKRGLKVCADPQATWVRDVVRSMDRKSNTRNNMIQTKPTGTQQSTNTAVTLTG,R43A,VGSEVSDKRTCVSLTTQRLPVSRIKTYTITEGSLRAVIFITKAGLKVCADPQATWVRDVVRSMDRKSNTRNNMIQTKPTGTQQSTNTAVTLTG,0.7
1J8IA,R9A,VGSEVSDKRTCVSLTTQRLPVSRIKTYTITEGSLRAVIFITKRGLKVCADPQATWVRDVVRSMDRKSNTRNNMIQTKPTGTQQSTNTAVTLTG,R9A,VGSEVSDKATCVSLTTQRLPVSRIKTYTITEGSLRAVIFITKRGLKVCADPQATWVRDVVRSMDRKSNTRNNMIQTKPTGTQQSTNTAVTLTG,-0.1
1JLVA,E64D,MDFYYLPGSAPCRAVQMTAAAVGVELNLKLTNLMAGEHMKPEFLKINPQHCIPTLVDNGFALWESRAICTYLAEKYGKDDKLYPKDPQKRAVVNQRLYFDMGTLYQRFADYYYPQIFAKQPANAENEKKMKDAVDFLNTFLDGHKYVAGDSLTIADLTVLATVSTYDVAGFELAKYPHVAAWYERTRKEAPGAAINEAGIEEFRKYFEK,E64D,MDFYYLPGSAPCRAVQMTAAAVGVELNLKLTNLMAGEHMKPEFLKINPQHCIPTLVDNGFALWDSRAICTYLAEKYGKDDKLYPKDPQKRAVVNQRLYFDMGTLYQRFADYYYPQIFAKQPANAENEKKMKDAVDFLNTFLDGHKYVAGDSLTIADLTVLATVSTYDVAGFELAKYPHVAAWYERTRKEAPGAAINEAGIEEFRKYFEK,-1.162
1JLVA,E64N,MDFYYLPGSAPCRAVQMTAAAVGVELNLKLTNLMAGEHMKPEFLKINPQHCIPTLVDNGFALWESRAICTYLAEKYGKDDKLYPKDPQKRAVVNQRLYFDMGTLYQRFADYYYPQIFAKQPANAENEKKMKDAVDFLNTFLDGHKYVAGDSLTIADLTVLATVSTYDVAGFELAKYPHVAAWYERTRKEAPGAAINEAGIEEFRKYFEK,E64N,MDFYYLPGSAPCRAVQMTAAAVGVELNLKLTNLMAGEHMKPEFLKINPQHCIPTLVDNGFALWNSRAICTYLAEKYGKDDKLYPKDPQKRAVVNQRLYFDMGTLYQRFADYYYPQIFAKQPANAENEKKMKDAVDFLNTFLDGHKYVAGDSLTIADLTVLATVSTYDVAGFELAKYPHVAAWYERTRKEAPGAAINEAGIEEFRKYFEK,-2.3040000000000003
1JLVA,E64Q,MDFYYLPGSAPCRAVQMTAAAVGVELNLKLTNLMAGEHMKPEFLKINPQHCIPTLVDNGFALWESRAICTYLAEKYGKDDKLYPKDPQKRAVVNQRLYFDMGTLYQRFADYYYPQIFAKQPANAENEKKMKDAVDFLNTFLDGHKYVAGDSLTIADLTVLATVSTYDVAGFELAKYPHVAAWYERTRKEAPGAAINEAGIEEFRKYFEK,E64Q,MDFYYLPGSAPCRAVQMTAAAVGVELNLKLTNLMAGEHMKPEFLKINPQHCIPTLVDNGFALWQSRAICTYLAEKYGKDDKLYPKDPQKRAVVNQRLYFDMGTLYQRFADYYYPQIFAKQPANAENEKKMKDAVDFLNTFLDGHKYVAGDSLTIADLTVLATVSTYDVAGFELAKYPHVAAWYERTRKEAPGAAINEAGIEEFRKYFEK,-2.302
1L6HA,F39A,AGCNAGQLTVCTGAIAGGARPTAACCSSLRAQQGCFCQFAKDPRYGRYVNSPNARKAVSSCGIALPTCH,F39A,AGCNAGQLTVCTGAIAGGARPTAACCSSLRAQQGCFCQAAKDPRYGRYVNSPNARKAVSSCGIALPTCH,-1.6969999999999998
1L6HA,Y45A,AGCNAGQLTVCTGAIAGGARPTAACCSSLRAQQGCFCQFAKDPRYGRYVNSPNARKAVSSCGIALPTCH,Y45A,AGCNAGQLTVCTGAIAGGARPTAACCSSLRAQQGCFCQFAKDPRAGRYVNSPNARKAVSSCGIALPTCH,-0.55
1L6HA,Y48A,AGCNAGQLTVCTGAIAGGARPTAACCSSLRAQQGCFCQFAKDPRYGRYVNSPNARKAVSSCGIALPTCH,Y48A,AGCNAGQLTVCTGAIAGGARPTAACCSSLRAQQGCFCQFAKDPRYGRAVNSPNARKAVSSCGIALPTCH,-1.482
1N88A,F21A,MKTAYDVILAPVLSEKAYAGFAEGKYTFWVHPKATKTEIKNAVETAFKVKVVKVNTLHVRGKKKRLGRYLGKRPDRKKAIVQVAPGQKIEALEGLI,F21A,MKTAYDVILAPVLSEKAYAGAAEGKYTFWVHPKATKTEIKNAVETAFKVKVVKVNTLHVRGKKKRLGRYLGKRPDRKKAIVQVAPGQKIEALEGLI,-1.39
1N88A,I39A,MKTAYDVILAPVLSEKAYAGFAEGKYTFWVHPKATKTEIKNAVETAFKVKVVKVNTLHVRGKKKRLGRYLGKRPDRKKAIVQVAPGQKIEALEGLI,I39A,MKTAYDVILAPVLSEKAYAGFAEGKYTFWVHPKATKTEAKNAVETAFKVKVVKVNTLHVRGKKKRLGRYLGKRPDRKKAIVQVAPGQKIEALEGLI,-1.39
1N88A,I80A,MKTAYDVILAPVLSEKAYAGFAEGKYTFWVHPKATKTEIKNAVETAFKVKVVKVNTLHVRGKKKRLGRYLGKRPDRKKAIVQVAPGQKIEALEGLI,I80A,MKTAYDVILAPVLSEKAYAGFAEGKYTFWVHPKATKTEIKNAVETAFKVKVVKVNTLHVRGKKKRLGRYLGKRPDRKKAAVQVAPGQKIEALEGLI,-2.79
1N88A,I89A,MKTAYDVILAPVLSEKAYAGFAEGKYTFWVHPKATKTEIKNAVETAFKVKVVKVNTLHVRGKKKRLGRYLGKRPDRKKAIVQVAPGQKIEALEGLI,I89A,MKTAYDVILAPVLSEKAYAGFAEGKYTFWVHPKATKTEIKNAVETAFKVKVVKVNTLHVRGKKKRLGRYLGKRPDRKKAIVQVAPGQKAEALEGLI,-2.35
1N88A,I8V,MKTAYDVILAPVLSEKAYAGFAEGKYTFWVHPKATKTEIKNAVETAFKVKVVKVNTLHVRGKKKRLGRYLGKRPDRKKAIVQVAPGQKIEALEGLI,I8V,MKTAYDVVLAPVLSEKAYAGFAEGKYTFWVHPKATKTEIKNAVETAFKVKVVKVNTLHVRGKKKRLGRYLGKRPDRKKAIVQVAPGQKIEALEGLI,-1.52
1N88A,L13A,MKTAYDVILAPVLSEKAYAGFAEGKYTFWVHPKATKTEIKNAVETAFKVKVVKVNTLHVRGKKKRLGRYLGKRPDRKKAIVQVAPGQKIEALEGLI,L13A,MKTAYDVILAPVASEKAYAGFAEGKYTFWVHPKATKTEIKNAVETAFKVKVVKVNTLHVRGKKKRLGRYLGKRPDRKKAIVQVAPGQKIEALEGLI,-1.52
1N88A,L57A,MKTAYDVILAPVLSEKAYAGFAEGKYTFWVHPKATKTEIKNAVETAFKVKVVKVNTLHVRGKKKRLGRYLGKRPDRKKAIVQVAPGQKIEALEGLI,L57A,MKTAYDVILAPVLSEKAYAGFAEGKYTFWVHPKATKTEIKNAVETAFKVKVVKVNTAHVRGKKKRLGRYLGKRPDRKKAIVQVAPGQKIEALEGLI,-1.11
1N88A,V12A,MKTAYDVILAPVLSEKAYAGFAEGKYTFWVHPKATKTEIKNAVETAFKVKVVKVNTLHVRGKKKRLGRYLGKRPDRKKAIVQVAPGQKIEALEGLI,V12A,MKTAYDVILAPALSEKAYAGFAEGKYTFWVHPKATKTEIKNAVETAFKVKVVKVNTLHVRGKKKRLGRYLGKRPDRKKAIVQVAPGQKIEALEGLI,-1.94
1N88A,V30A,MKTAYDVILAPVLSEKAYAGFAEGKYTFWVHPKATKTEIKNAVETAFKVKVVKVNTLHVRGKKKRLGRYLGKRPDRKKAIVQVAPGQKIEALEGLI,V30A,MKTAYDVILAPVLSEKAYAGFAEGKYTFWAHPKATKTEIKNAVETAFKVKVVKVNTLHVRGKKKRLGRYLGKRPDRKKAIVQVAPGQKIEALEGLI,-2.84
1N88A,V43A,MKTAYDVILAPVLSEKAYAGFAEGKYTFWVHPKATKTEIKNAVETAFKVKVVKVNTLHVRGKKKRLGRYLGKRPDRKKAIVQVAPGQKIEALEGLI,V43A,MKTAYDVILAPVLSEKAYAGFAEGKYTFWVHPKATKTEIKNAAETAFKVKVVKVNTLHVRGKKKRLGRYLGKRPDRKKAIVQVAPGQKIEALEGLI,-2.82
1N88A,V49A,MKTAYDVILAPVLSEKAYAGFAEGKYTFWVHPKATKTEIKNAVETAFKVKVVKVNTLHVRGKKKRLGRYLGKRPDRKKAIVQVAPGQKIEALEGLI,V49A,MKTAYDVILAPVLSEKAYAGFAEGKYTFWVHPKATKTEIKNAVETAFKAKVVKVNTLHVRGKKKRLGRYLGKRPDRKKAIVQVAPGQKIEALEGLI,-2.83
1N88A,V51A,MKTAYDVILAPVLSEKAYAGFAEGKYTFWVHPKATKTEIKNAVETAFKVKVVKVNTLHVRGKKKRLGRYLGKRPDRKKAIVQVAPGQKIEALEGLI,V51A,MKTAYDVILAPVLSEKAYAGFAEGKYTFWVHPKATKTEIKNAVETAFKVKAVKVNTLHVRGKKKRLGRYLGKRPDRKKAIVQVAPGQKIEALEGLI,-3.24
1N88A,V54A,MKTAYDVILAPVLSEKAYAGFAEGKYTFWVHPKATKTEIKNAVETAFKVKVVKVNTLHVRGKKKRLGRYLGKRPDRKKAIVQVAPGQKIEALEGLI,V54A,MKTAYDVILAPVLSEKAYAGFAEGKYTFWVHPKATKTEIKNAVETAFKVKVVKANTLHVRGKKKRLGRYLGKRPDRKKAIVQVAPGQKIEALEGLI,-3.73
1N88A,V81A,MKTAYDVILAPVLSEKAYAGFAEGKYTFWVHPKATKTEIKNAVETAFKVKVVKVNTLHVRGKKKRLGRYLGKRPDRKKAIVQVAPGQKIEALEGLI,V81A,MKTAYDVILAPVLSEKAYAGFAEGKYTFWVHPKATKTEIKNAVETAFKVKVVKVNTLHVRGKKKRLGRYLGKRPDRKKAIAQVAPGQKIEALEGLI,-2.82
1N88A,V83A,MKTAYDVILAPVLSEKAYAGFAEGKYTFWVHPKATKTEIKNAVETAFKVKVVKVNTLHVRGKKKRLGRYLGKRPDRKKAIVQVAPGQKIEALEGLI,V83A,MKTAYDVILAPVLSEKAYAGFAEGKYTFWVHPKATKTEIKNAVETAFKVKVVKVNTLHVRGKKKRLGRYLGKRPDRKKAIVQAAPGQKIEALEGLI,-3.1
1N88A,Y18A,MKTAYDVILAPVLSEKAYAGFAEGKYTFWVHPKATKTEIKNAVETAFKVKVVKVNTLHVRGKKKRLGRYLGKRPDRKKAIVQVAPGQKIEALEGLI,Y18A,MKTAYDVILAPVLSEKAAAGFAEGKYTFWVHPKATKTEIKNAVETAFKVKVVKVNTLHVRGKKKRLGRYLGKRPDRKKAIVQVAPGQKIEALEGLI,0.06
1N88A,Y26A,MKTAYDVILAPVLSEKAYAGFAEGKYTFWVHPKATKTEIKNAVETAFKVKVVKVNTLHVRGKKKRLGRYLGKRPDRKKAIVQVAPGQKIEALEGLI,Y26A,MKTAYDVILAPVLSEKAYAGFAEGKATFWVHPKATKTEIKNAVETAFKVKVVKVNTLHVRGKKKRLGRYLGKRPDRKKAIVQVAPGQKIEALEGLI,-4.61
1O1UA,E110A,AFTGKFEMESEKNYDEFMKLLGISSDVIEKARNFKIVTEVQQDGQDFTWSQHYSGGHTMTNKFTVGKESNIQTMGGKTFKATVQMEGGKLVVNFPNYHQTSEIVGDKLVEVSTIGGVTYERVSKRLA,E110A,AFTGKFEMESEKNYDEFMKLLGISSDVIEKARNFKIVTEVQQDGQDFTWSQHYSGGHTMTNKFTVGKESNIQTMGGKTFKATVQMEGGKLVVNFPNYHQTSEIVGDKLVAVSTIGGVTYERVSKRLA,-3.3
1O1UA,N61A,AFTGKFEMESEKNYDEFMKLLGISSDVIEKARNFKIVTEVQQDGQDFTWSQHYSGGHTMTNKFTVGKESNIQTMGGKTFKATVQMEGGKLVVNFPNYHQTSEIVGDKLVEVSTIGGVTYERVSKRLA,N61A,AFTGKFEMESEKNYDEFMKLLGISSDVIEKARNFKIVTEVQQDGQDFTWSQHYSGGHTMTAKFTVGKESNIQTMGGKTFKATVQMEGGKLVVNFPNYHQTSEIVGDKLVEVSTIGGVTYERVSKRLA,-1.2
1O1UA,Q51A,AFTGKFEMESEKNYDEFMKLLGISSDVIEKARNFKIVTEVQQDGQDFTWSQHYSGGHTMTNKFTVGKESNIQTMGGKTFKATVQMEGGKLVVNFPNYHQTSEIVGDKLVEVSTIGGVTYERVSKRLA,Q51A,AFTGKFEMESEKNYDEFMKLLGISSDVIEKARNFKIVTEVQQDGQDFTWSAHYSGGHTMTNKFTVGKESNIQTMGGKTFKATVQMEGGKLVVNFPNYHQTSEIVGDKLVEVSTIGGVTYERVSKRLA,-0.3
1O1UA,Q99A,AFTGKFEMESEKNYDEFMKLLGISSDVIEKARNFKIVTEVQQDGQDFTWSQHYSGGHTMTNKFTVGKESNIQTMGGKTFKATVQMEGGKLVVNFPNYHQTSEIVGDKLVEVSTIGGVTYERVSKRLA,Q99A,AFTGKFEMESEKNYDEFMKLLGISSDVIEKARNFKIVTEVQQDGQDFTWSQHYSGGHTMTNKFTVGKESNIQTMGGKTFKATVQMEGGKLVVNFPNYHATSEIVGDKLVEVSTIGGVTYERVSKRLA,0.3
1O1UA,T38A,AFTGKFEMESEKNYDEFMKLLGISSDVIEKARNFKIVTEVQQDGQDFTWSQHYSGGHTMTNKFTVGKESNIQTMGGKTFKATVQMEGGKLVVNFPNYHQTSEIVGDKLVEVSTIGGVTYERVSKRLA,T38A,AFTGKFEMESEKNYDEFMKLLGISSDVIEKARNFKIVAEVQQDGQDFTWSQHYSGGHTMTNKFTVGKESNIQTMGGKTFKATVQMEGGKLVVNFPNYHQTSEIVGDKLVEVSTIGGVTYERVSKRLA,-1.2
1O1UA,W49Y,AFTGKFEMESEKNYDEFMKLLGISSDVIEKARNFKIVTEVQQDGQDFTWSQHYSGGHTMTNKFTVGKESNIQTMGGKTFKATVQMEGGKLVVNFPNYHQTSEIVGDKLVEVSTIGGVTYERVSKRLA,W49Y,AFTGKFEMESEKNYDEFMKLLGISSDVIEKARNFKIVTEVQQDGQDFTYSQHYSGGHTMTNKFTVGKESNIQTMGGKTFKATVQMEGGKLVVNFPNYHQTSEIVGDKLVEVSTIGGVTYERVSKRLA,-1.2
1O6XA,A31G,MRSLETFVGDQVLEIVPSNEEQIKNLLQLEAQEHLQLDFWKSPTTPGETAHVRVPFVNVQAVKVFLESQGIAYSIMIEDVQ,A31G,MRSLETFVGDQVLEIVPSNEEQIKNLLQLEGQEHLQLDFWKSPTTPGETAHVRVPFVNVQAVKVFLESQGIAYSIMIEDVQ,-1.2
1O6XA,A50G,MRSLETFVGDQVLEIVPSNEEQIKNLLQLEAQEHLQLDFWKSPTTPGETAHVRVPFVNVQAVKVFLESQGIAYSIMIEDVQ,A50G,MRSLETFVGDQVLEIVPSNEEQIKNLLQLEAQEHLQLDFWKSPTTPGETGHVRVPFVNVQAVKVFLESQGIAYSIMIEDVQ,-1.4
1O6XA,D38A,MRSLETFVGDQVLEIVPSNEEQIKNLLQLEAQEHLQLDFWKSPTTPGETAHVRVPFVNVQAVKVFLESQGIAYSIMIEDVQ,D38A,MRSLETFVGDQVLEIVPSNEEQIKNLLQLEAQEHLQLAFWKSPTTPGETAHVRVPFVNVQAVKVFLESQGIAYSIMIEDVQ,0.36
1O6XA,E14A,MRSLETFVGDQVLEIVPSNEEQIKNLLQLEAQEHLQLDFWKSPTTPGETAHVRVPFVNVQAVKVFLESQGIAYSIMIEDVQ,E14A,MRSLETFVGDQVLAIVPSNEEQIKNLLQLEAQEHLQLDFWKSPTTPGETAHVRVPFVNVQAVKVFLESQGIAYSIMIEDVQ,-0.3
1O6XA,E20G,MRSLETFVGDQVLEIVPSNEEQIKNLLQLEAQEHLQLDFWKSPTTPGETAHVRVPFVNVQAVKVFLESQGIAYSIMIEDVQ,E20G,MRSLETFVGDQVLEIVPSNGEQIKNLLQLEAQEHLQLDFWKSPTTPGETAHVRVPFVNVQAVKVFLESQGIAYSIMIEDVQ,-1.42
1O6XA,F39L,MRSLETFVGDQVLEIVPSNEEQIKNLLQLEAQEHLQLDFWKSPTTPGETAHVRVPFVNVQAVKVFLESQGIAYSIMIEDVQ,F39L,MRSLETFVGDQVLEIVPSNEEQIKNLLQLEAQEHLQLDLWKSPTTPGETAHVRVPFVNVQAVKVFLESQGIAYSIMIEDVQ,-1.88
1O6XA,F65A,MRSLETFVGDQVLEIVPSNEEQIKNLLQLEAQEHLQLDFWKSPTTPGETAHVRVPFVNVQAVKVFLESQGIAYSIMIEDVQ,F65A,MRSLETFVGDQVLEIVPSNEEQIKNLLQLEAQEHLQLDFWKSPTTPGETAHVRVPFVNVQAVKVALESQGIAYSIMIEDVQ,-0.98
1O6XA,H51A,MRSLETFVGDQVLEIVPSNEEQIKNLLQLEAQEHLQLDFWKSPTTPGETAHVRVPFVNVQAVKVFLESQGIAYSIMIEDVQ,H51A,MRSLETFVGDQVLEIVPSNEEQIKNLLQLEAQEHLQLDFWKSPTTPGETAAVRVPFVNVQAVKVFLESQGIAYSIMIEDVQ,-0.61
1O6XA,I15V,MRSLETFVGDQVLEIVPSNEEQIKNLLQLEAQEHLQLDFWKSPTTPGETAHVRVPFVNVQAVKVFLESQGIAYSIMIEDVQ,I15V,MRSLETFVGDQVLEVVPSNEEQIKNLLQLEAQEHLQLDFWKSPTTPGETAHVRVPFVNVQAVKVFLESQGIAYSIMIEDVQ,-0.43
1O6XA,I23V,MRSLETFVGDQVLEIVPSNEEQIKNLLQLEAQEHLQLDFWKSPTTPGETAHVRVPFVNVQAVKVFLESQGIAYSIMIEDVQ,I23V,MRSLETFVGDQVLEIVPSNEEQVKNLLQLEAQEHLQLDFWKSPTTPGETAHVRVPFVNVQAVKVFLESQGIAYSIMIEDVQ,0.42
1O6XA,I71V,MRSLETFVGDQVLEIVPSNEEQIKNLLQLEAQEHLQLDFWKSPTTPGETAHVRVPFVNVQAVKVFLESQGIAYSIMIEDVQ,I71V,MRSLETFVGDQVLEIVPSNEEQIKNLLQLEAQEHLQLDFWKSPTTPGETAHVRVPFVNVQAVKVFLESQGVAYSIMIEDVQ,-1.31
1O6XA,I75A,MRSLETFVGDQVLEIVPSNEEQIKNLLQLEAQEHLQLDFWKSPTTPGETAHVRVPFVNVQAVKVFLESQGIAYSIMIEDVQ,I75A,MRSLETFVGDQVLEIVPSNEEQIKNLLQLEAQEHLQLDFWKSPTTPGETAHVRVPFVNVQAVKVFLESQGIAYSAMIEDVQ,-1.31
1O6XA,K41A,MRSLETFVGDQVLEIVPSNEEQIKNLLQLEAQEHLQLDFWKSPTTPGETAHVRVPFVNVQAVKVFLESQGIAYSIMIEDVQ,K41A,MRSLETFVGDQVLEIVPSNEEQIKNLLQLEAQEHLQLDFWASPTTPGETAHVRVPFVNVQAVKVFLESQGIAYSIMIEDVQ,-1.98
1O6XA,L26V,MRSLETFVGDQVLEIVPSNEEQIKNLLQLEAQEHLQLDFWKSPTTPGETAHVRVPFVNVQAVKVFLESQGIAYSIMIEDVQ,L26V,MRSLETFVGDQVLEIVPSNEEQIKNVLQLEAQEHLQLDFWKSPTTPGETAHVRVPFVNVQAVKVFLESQGIAYSIMIEDVQ,-0.97
1O6XA,N58A,MRSLETFVGDQVLEIVPSNEEQIKNLLQLEAQEHLQLDFWKSPTTPGETAHVRVPFVNVQAVKVFLESQGIAYSIMIEDVQ,N58A,MRSLETFVGDQVLEIVPSNEEQIKNLLQLEAQEHLQLDFWKSPTTPGETAHVRVPFVAVQAVKVFLESQGIAYSIMIEDVQ,-0.08
1O6XA,Q60G,MRSLETFVGDQVLEIVPSNEEQIKNLLQLEAQEHLQLDFWKSPTTPGETAHVRVPFVNVQAVKVFLESQGIAYSIMIEDVQ,Q60G,MRSLETFVGDQVLEIVPSNEEQIKNLLQLEAQEHLQLDFWKSPTTPGETAHVRVPFVNVGAVKVFLESQGIAYSIMIEDVQ,-0.49
1O6XA,V12A,MRSLETFVGDQVLEIVPSNEEQIKNLLQLEAQEHLQLDFWKSPTTPGETAHVRVPFVNVQAVKVFLESQGIAYSIMIEDVQ,V12A,MRSLETFVGDQALEIVPSNEEQIKNLLQLEAQEHLQLDFWKSPTTPGETAHVRVPFVNVQAVKVFLESQGIAYSIMIEDVQ,-1.1
1O6XA,V52A,MRSLETFVGDQVLEIVPSNEEQIKNLLQLEAQEHLQLDFWKSPTTPGETAHVRVPFVNVQAVKVFLESQGIAYSIMIEDVQ,V52A,MRSLETFVGDQVLEIVPSNEEQIKNLLQLEAQEHLQLDFWKSPTTPGETAHARVPFVNVQAVKVFLESQGIAYSIMIEDVQ,-1.08
1O6XA,V64G,MRSLETFVGDQVLEIVPSNEEQIKNLLQLEAQEHLQLDFWKSPTTPGETAHVRVPFVNVQAVKVFLESQGIAYSIMIEDVQ,V64G,MRSLETFVGDQVLEIVPSNEEQIKNLLQLEAQEHLQLDFWKSPTTPGETAHVRVPFVNVQAVKGFLESQGIAYSIMIEDVQ,-1.1
1O6XA,Y73L,MRSLETFVGDQVLEIVPSNEEQIKNLLQLEAQEHLQLDFWKSPTTPGETAHVRVPFVNVQAVKVFLESQGIAYSIMIEDVQ,Y73L,MRSLETFVGDQVLEIVPSNEEQIKNLLQLEAQEHLQLDFWKSPTTPGETAHVRVPFVNVQAVKVFLESQGIALSIMIEDVQ,-2.78
1OSIA,I11V,MKVAVLPGDGIGPEVTEAALKVLRALDEAEGLGLAYEVFPFGGAAIDAFGEPFPEPTRKGVEEAEAVLLGSVGGPKWDGLPRKIRPETGLLSLRKSQDLFANLRPAKVFPGLERLSPLKEEIARGVDVLIVRELTGGIYFGEPRGMSEAEAWNTERYSKPEVERVARVAFEAARKRRKHVVSVDKANVLEVGEFWRKTVEEVGRGYPDVALEHQYVDAMAMHLVRSPARFDVVVTGNIFGDILSDLASVLPGSLGLLPSASLGRGTPVFEPVHGSAPDIAGKGIANPTAAILSAAMMLEHAFGLVELARKVEDAVAKALLETPPPDLGGSAGTEAFTATVLRHLA,I11V,MKVAVLPGDGVGPEVTEAALKVLRALDEAEGLGLAYEVFPFGGAAIDAFGEPFPEPTRKGVEEAEAVLLGSVGGPKWDGLPRKIRPETGLLSLRKSQDLFANLRPAKVFPGLERLSPLKEEIARGVDVLIVRELTGGIYFGEPRGMSEAEAWNTERYSKPEVERVARVAFEAARKRRKHVVSVDKANVLEVGEFWRKTVEEVGRGYPDVALEHQYVDAMAMHLVRSPARFDVVVTGNIFGDILSDLASVLPGSLGLLPSASLGRGTPVFEPVHGSAPDIAGKGIANPTAAILSAAMMLEHAFGLVELARKVEDAVAKALLETPPPDLGGSAGTEAFTATVLRHLA,-0.05
1OSIA,S92F,MKVAVLPGDGIGPEVTEAALKVLRALDEAEGLGLAYEVFPFGGAAIDAFGEPFPEPTRKGVEEAEAVLLGSVGGPKWDGLPRKIRPETGLLSLRKSQDLFANLRPAKVFPGLERLSPLKEEIARGVDVLIVRELTGGIYFGEPRGMSEAEAWNTERYSKPEVERVARVAFEAARKRRKHVVSVDKANVLEVGEFWRKTVEEVGRGYPDVALEHQYVDAMAMHLVRSPARFDVVVTGNIFGDILSDLASVLPGSLGLLPSASLGRGTPVFEPVHGSAPDIAGKGIANPTAAILSAAMMLEHAFGLVELARKVEDAVAKALLETPPPDLGGSAGTEAFTATVLRHLA,S92F,MKVAVLPGDGIGPEVTEAALKVLRALDEAEGLGLAYEVFPFGGAAIDAFGEPFPEPTRKGVEEAEAVLLGSVGGPKWDGLPRKIRPETGLLFLRKSQDLFANLRPAKVFPGLERLSPLKEEIARGVDVLIVRELTGGIYFGEPRGMSEAEAWNTERYSKPEVERVARVAFEAARKRRKHVVSVDKANVLEVGEFWRKTVEEVGRGYPDVALEHQYVDAMAMHLVRSPARFDVVVTGNIFGDILSDLASVLPGSLGLLPSASLGRGTPVFEPVHGSAPDIAGKGIANPTAAILSAAMMLEHAFGLVELARKVEDAVAKALLETPPPDLGGSAGTEAFTATVLRHLA,0.39
1OSIA,V126M,MKVAVLPGDGIGPEVTEAALKVLRALDEAEGLGLAYEVFPFGGAAIDAFGEPFPEPTRKGVEEAEAVLLGSVGGPKWDGLPRKIRPETGLLSLRKSQDLFANLRPAKVFPGLERLSPLKEEIARGVDVLIVRELTGGIYFGEPRGMSEAEAWNTERYSKPEVERVARVAFEAARKRRKHVVSVDKANVLEVGEFWRKTVEEVGRGYPDVALEHQYVDAMAMHLVRSPARFDVVVTGNIFGDILSDLASVLPGSLGLLPSASLGRGTPVFEPVHGSAPDIAGKGIANPTAAILSAAMMLEHAFGLVELARKVEDAVAKALLETPPPDLGGSAGTEAFTATVLRHLA,V126M,MKVAVLPGDGIGPEVTEAALKVLRALDEAEGLGLAYEVFPFGGAAIDAFGEPFPEPTRKGVEEAEAVLLGSVGGPKWDGLPRKIRPETGLLSLRKSQDLFANLRPAKVFPGLERLSPLKEEIARGMDVLIVRELTGGIYFGEPRGMSEAEAWNTERYSKPEVERVARVAFEAARKRRKHVVSVDKANVLEVGEFWRKTVEEVGRGYPDVALEHQYVDAMAMHLVRSPARFDVVVTGNIFGDILSDLASVLPGSLGLLPSASLGRGTPVFEPVHGSAPDIAGKGIANPTAAILSAAMMLEHAFGLVELARKVEDAVAKALLETPPPDLGGSAGTEAFTATVLRHLA,-2.25
1OSIA,V15I,MKVAVLPGDGIGPEVTEAALKVLRALDEAEGLGLAYEVFPFGGAAIDAFGEPFPEPTRKGVEEAEAVLLGSVGGPKWDGLPRKIRPETGLLSLRKSQDLFANLRPAKVFPGLERLSPLKEEIARGVDVLIVRELTGGIYFGEPRGMSEAEAWNTERYSKPEVERVARVAFEAARKRRKHVVSVDKANVLEVGEFWRKTVEEVGRGYPDVALEHQYVDAMAMHLVRSPARFDVVVTGNIFGDILSDLASVLPGSLGLLPSASLGRGTPVFEPVHGSAPDIAGKGIANPTAAILSAAMMLEHAFGLVELARKVEDAVAKALLETPPPDLGGSAGTEAFTATVLRHLA,V15I,MKVAVLPGDGIGPEITEAALKVLRALDEAEGLGLAYEVFPFGGAAIDAFGEPFPEPTRKGVEEAEAVLLGSVGGPKWDGLPRKIRPETGLLSLRKSQDLFANLRPAKVFPGLERLSPLKEEIARGVDVLIVRELTGGIYFGEPRGMSEAEAWNTERYSKPEVERVARVAFEAARKRRKHVVSVDKANVLEVGEFWRKTVEEVGRGYPDVALEHQYVDAMAMHLVRSPARFDVVVTGNIFGDILSDLASVLPGSLGLLPSASLGRGTPVFEPVHGSAPDIAGKGIANPTAAILSAAMMLEHAFGLVELARKVEDAVAKALLETPPPDLGGSAGTEAFTATVLRHLA,-0.78
1PFLA,A20T,AGWNAYIDNLMADGTCQDAAIVGYKDSPSVWAAVPGKTFVNITPAEVGVLVGKDRSSFYVNGLTLGGQKCSVIRDSLLQDGEFSMDLRTKSTGGAPTFNVTVTKTDKTLVLLMGKEGVHGGLINKKCYEMASHLRRSQY,A20T,AGWNAYIDNLMADGTCQDATIVGYKDSPSVWAAVPGKTFVNITPAEVGVLVGKDRSSFYVNGLTLGGQKCSVIRDSLLQDGEFSMDLRTKSTGGAPTFNVTVTKTDKTLVLLMGKEGVHGGLINKKCYEMASHLRRSQY,-1.53
1PFLA,G117V,AGWNAYIDNLMADGTCQDAAIVGYKDSPSVWAAVPGKTFVNITPAEVGVLVGKDRSSFYVNGLTLGGQKCSVIRDSLLQDGEFSMDLRTKSTGGAPTFNVTVTKTDKTLVLLMGKEGVHGGLINKKCYEMASHLRRSQY,G117V,AGWNAYIDNLMADGTCQDAAIVGYKDSPSVWAAVPGKTFVNITPAEVGVLVGKDRSSFYVNGLTLGGQKCSVIRDSLLQDGEFSMDLRTKSTGGAPTFNVTVTKTDKTLVLLMGKEVVHGGLINKKCYEMASHLRRSQY,-1.96
1PFLA,M113T,AGWNAYIDNLMADGTCQDAAIVGYKDSPSVWAAVPGKTFVNITPAEVGVLVGKDRSSFYVNGLTLGGQKCSVIRDSLLQDGEFSMDLRTKSTGGAPTFNVTVTKTDKTLVLLMGKEGVHGGLINKKCYEMASHLRRSQY,M113T,AGWNAYIDNLMADGTCQDAAIVGYKDSPSVWAAVPGKTFVNITPAEVGVLVGKDRSSFYVNGLTLGGQKCSVIRDSLLQDGEFSMDLRTKSTGGAPTFNVTVTKTDKTLVLLTGKEGVHGGLINKKCYEMASHLRRSQY,-3.53
1PFLA,Q138L,AGWNAYIDNLMADGTCQDAAIVGYKDSPSVWAAVPGKTFVNITPAEVGVLVGKDRSSFYVNGLTLGGQKCSVIRDSLLQDGEFSMDLRTKSTGGAPTFNVTVTKTDKTLVLLMGKEGVHGGLINKKCYEMASHLRRSQY,Q138L,AGWNAYIDNLMADGTCQDAAIVGYKDSPSVWAAVPGKTFVNITPAEVGVLVGKDRSSFYVNGLTLGGQKCSVIRDSLLQDGEFSMDLRTKSTGGAPTFNVTVTKTDKTLVLLMGKEGVHGGLINKKCYEMASHLRRSLY,1.82
1PFLA,T108M,AGWNAYIDNLMADGTCQDAAIVGYKDSPSVWAAVPGKTFVNITPAEVGVLVGKDRSSFYVNGLTLGGQKCSVIRDSLLQDGEFSMDLRTKSTGGAPTFNVTVTKTDKTLVLLMGKEGVHGGLINKKCYEMASHLRRSQY,T108M,AGWNAYIDNLMADGTCQDAAIVGYKDSPSVWAAVPGKTFVNITPAEVGVLVGKDRSSFYVNGLTLGGQKCSVIRDSLLQDGEFSMDLRTKSTGGAPTFNVTVTKTDKMLVLLMGKEGVHGGLINKKCYEMASHLRRSQY,0.07
1PRGA,E254K,ESADLRALAKHLYDSYIKSFPLTKAKARAILTGKTTDKSPFVIYDMNSLMMGEDKIKFKHITPLQEQSKEVAIRIFQGCQFRSVEAVQEITEYAKSIPGFVNLDLNDQVTLLKYGVHEIIYTMLASLMNKDGVLISEGQGFMTREFLKSLRKPFGDFMEPKFEFAVKFNALELDDSDLAIFIAVIILSGDRPGLLNVKPIEDIQDNLLQALELQLKLNHPESSQLFAKLLQKMTDLRQIVTEHVQLLQVIKKTETDMSLHPLLQEIYKDL,E254K,ESADLRALAKHLYDSYIKSFPLTKAKARAILTGKTTDKSPFVIYDMNSLMMGEDKIKFKHITPLQEQSKEVAIRIFQGCQFRSVEAVQEITEYAKSIPGFVNLDLNDQVTLLKYGVHEIIYTMLASLMNKDGVLISEGQGFMTREFLKSLRKPFGDFMEPKFEFAVKFNALELDDSDLAIFIAVIILSGDRPGLLNVKPIEDIQDNLLQALELQLKLNHPESSQLFAKLLQKMTDLRQIVTEHVQLLQVIKKTKTDMSLHPLLQEIYKDL,-0.17
1PRGA,F154L,ESADLRALAKHLYDSYIKSFPLTKAKARAILTGKTTDKSPFVIYDMNSLMMGEDKIKFKHITPLQEQSKEVAIRIFQGCQFRSVEAVQEITEYAKSIPGFVNLDLNDQVTLLKYGVHEIIYTMLASLMNKDGVLISEGQGFMTREFLKSLRKPFGDFMEPKFEFAVKFNALELDDSDLAIFIAVIILSGDRPGLLNVKPIEDIQDNLLQALELQLKLNHPESSQLFAKLLQKMTDLRQIVTEHVQLLQVIKKTETDMSLHPLLQEIYKDL,F154L,ESADLRALAKHLYDSYIKSFPLTKAKARAILTGKTTDKSPFVIYDMNSLMMGEDKIKFKHITPLQEQSKEVAIRIFQGCQFRSVEAVQEITEYAKSIPGFVNLDLNDQVTLLKYGVHEIIYTMLASLMNKDGVLISEGQGFMTREFLKSLRKPLGDFMEPKFEFAVKFNALELDDSDLAIFIAVIILSGDRPGLLNVKPIEDIQDNLLQALELQLKLNHPESSQLFAKLLQKMTDLRQIVTEHVQLLQVIKKTETDMSLHPLLQEIYKDL,-0.4
1PRGA,P261L,ESADLRALAKHLYDSYIKSFPLTKAKARAILTGKTTDKSPFVIYDMNSLMMGEDKIKFKHITPLQEQSKEVAIRIFQGCQFRSVEAVQEITEYAKSIPGFVNLDLNDQVTLLKYGVHEIIYTMLASLMNKDGVLISEGQGFMTREFLKSLRKPFGDFMEPKFEFAVKFNALELDDSDLAIFIAVIILSGDRPGLLNVKPIEDIQDNLLQALELQLKLNHPESSQLFAKLLQKMTDLRQIVTEHVQLLQVIKKTETDMSLHPLLQEIYKDL,P261L,ESADLRALAKHLYDSYIKSFPLTKAKARAILTGKTTDKSPFVIYDMNSLMMGEDKIKFKHITPLQEQSKEVAIRIFQGCQFRSVEAVQEITEYAKSIPGFVNLDLNDQVTLLKYGVHEIIYTMLASLMNKDGVLISEGQGFMTREFLKSLRKPFGDFMEPKFEFAVKFNALELDDSDLAIFIAVIILSGDRPGLLNVKPIEDIQDNLLQALELQLKLNHPESSQLFAKLLQKMTDLRQIVTEHVQLLQVIKKTETDMSLHLLLQEIYKDL,0.11
1PRGA,Q80P,ESADLRALAKHLYDSYIKSFPLTKAKARAILTGKTTDKSPFVIYDMNSLMMGEDKIKFKHITPLQEQSKEVAIRIFQGCQFRSVEAVQEITEYAKSIPGFVNLDLNDQVTLLKYGVHEIIYTMLASLMNKDGVLISEGQGFMTREFLKSLRKPFGDFMEPKFEFAVKFNALELDDSDLAIFIAVIILSGDRPGLLNVKPIEDIQDNLLQALELQLKLNHPESSQLFAKLLQKMTDLRQIVTEHVQLLQVIKKTETDMSLHPLLQEIYKDL,Q80P,ESADLRALAKHLYDSYIKSFPLTKAKARAILTGKTTDKSPFVIYDMNSLMMGEDKIKFKHITPLQEQSKEVAIRIFQGCPFRSVEAVQEITEYAKSIPGFVNLDLNDQVTLLKYGVHEIIYTMLASLMNKDGVLISEGQGFMTREFLKSLRKPFGDFMEPKFEFAVKFNALELDDSDLAIFIAVIILSGDRPGLLNVKPIEDIQDNLLQALELQLKLNHPESSQLFAKLLQKMTDLRQIVTEHVQLLQVIKKTETDMSLHPLLQEIYKDL,-0.3
1PRGA,R82H,ESADLRALAKHLYDSYIKSFPLTKAKARAILTGKTTDKSPFVIYDMNSLMMGEDKIKFKHITPLQEQSKEVAIRIFQGCQFRSVEAVQEITEYAKSIPGFVNLDLNDQVTLLKYGVHEIIYTMLASLMNKDGVLISEGQGFMTREFLKSLRKPFGDFMEPKFEFAVKFNALELDDSDLAIFIAVIILSGDRPGLLNVKPIEDIQDNLLQALELQLKLNHPESSQLFAKLLQKMTDLRQIVTEHVQLLQVIKKTETDMSLHPLLQEIYKDL,R82H,ESADLRALAKHLYDSYIKSFPLTKAKARAILTGKTTDKSPFVIYDMNSLMMGEDKIKFKHITPLQEQSKEVAIRIFQGCQFHSVEAVQEITEYAKSIPGFVNLDLNDQVTLLKYGVHEIIYTMLASLMNKDGVLISEGQGFMTREFLKSLRKPFGDFMEPKFEFAVKFNALELDDSDLAIFIAVIILSGDRPGLLNVKPIEDIQDNLLQALELQLKLNHPESSQLFAKLLQKMTDLRQIVTEHVQLLQVIKKTETDMSLHPLLQEIYKDL,0.06
1PRGA,R151A,ESADLRALAKHLYDSYIKSFPLTKAKARAILTGKTTDKSPFVIYDMNSLMMGEDKIKFKHITPLQEQSKEVAIRIFQGCQFRSVEAVQEITEYAKSIPGFVNLDLNDQVTLLKYGVHEIIYTMLASLMNKDGVLISEGQGFMTREFLKSLRKPFGDFMEPKFEFAVKFNALELDDSDLAIFIAVIILSGDRPGLLNVKPIEDIQDNLLQALELQLKLNHPESSQLFAKLLQKMTDLRQIVTEHVQLLQVIKKTETDMSLHPLLQEIYKDL,R151A,ESADLRALAKHLYDSYIKSFPLTKAKARAILTGKTTDKSPFVIYDMNSLMMGEDKIKFKHITPLQEQSKEVAIRIFQGCQFRSVEAVQEITEYAKSIPGFVNLDLNDQVTLLKYGVHEIIYTMLASLMNKDGVLISEGQGFMTREFLKSLAKPFGDFMEPKFEFAVKFNALELDDSDLAIFIAVIILSGDRPGLLNVKPIEDIQDNLLQALELQLKLNHPESSQLFAKLLQKMTDLRQIVTEHVQLLQVIKKTETDMSLHPLLQEIYKDL,0.19
1PRGA,V84M,ESADLRALAKHLYDSYIKSFPLTKAKARAILTGKTTDKSPFVIYDMNSLMMGEDKIKFKHITPLQEQSKEVAIRIFQGCQFRSVEAVQEITEYAKSIPGFVNLDLNDQVTLLKYGVHEIIYTMLASLMNKDGVLISEGQGFMTREFLKSLRKPFGDFMEPKFEFAVKFNALELDDSDLAIFIAVIILSGDRPGLLNVKPIEDIQDNLLQALELQLKLNHPESSQLFAKLLQKMTDLRQIVTEHVQLLQVIKKTETDMSLHPLLQEIYKDL,V84M,ESADLRALAKHLYDSYIKSFPLTKAKARAILTGKTTDKSPFVIYDMNSLMMGEDKIKFKHITPLQEQSKEVAIRIFQGCQFRSMEAVQEITEYAKSIPGFVNLDLNDQVTLLKYGVHEIIYTMLASLMNKDGVLISEGQGFMTREFLKSLRKPFGDFMEPKFEFAVKFNALELDDSDLAIFIAVIILSGDRPGLLNVKPIEDIQDNLLQALELQLKLNHPESSQLFAKLLQKMTDLRQIVTEHVQLLQVIKKTETDMSLHPLLQEIYKDL,0.03
1X0JA,D88N,GRVTNQLQYLHKVVMKALWKHQFAWPFRQPVDAVKLGLPDYHKIIKQPMDMGTIKRRLENNYYWAASECMQDFNTMFTNCYIYNKPTDDIVLMAQTLEKIFLQKVASMPQEEQELVVTIPKN,D88N,GRVTNQLQYLHKVVMKALWKHQFAWPFRQPVDAVKLGLPDYHKIIKQPMDMGTIKRRLENNYYWAASECMQDFNTMFTNCYIYNKPTNDIVLMAQTLEKIFLQKVASMPQEEQELVVTIPKN,-4.1
1X0JA,D88Y,GRVTNQLQYLHKVVMKALWKHQFAWPFRQPVDAVKLGLPDYHKIIKQPMDMGTIKRRLENNYYWAASECMQDFNTMFTNCYIYNKPTDDIVLMAQTLEKIFLQKVASMPQEEQELVVTIPKN,D88Y,GRVTNQLQYLHKVVMKALWKHQFAWPFRQPVDAVKLGLPDYHKIIKQPMDMGTIKRRLENNYYWAASECMQDFNTMFTNCYIYNKPTYDIVLMAQTLEKIFLQKVASMPQEEQELVVTIPKN,-4.02
1X0JA,D89N,GRVTNQLQYLHKVVMKALWKHQFAWPFRQPVDAVKLGLPDYHKIIKQPMDMGTIKRRLENNYYWAASECMQDFNTMFTNCYIYNKPTDDIVLMAQTLEKIFLQKVASMPQEEQELVVTIPKN,D89N,GRVTNQLQYLHKVVMKALWKHQFAWPFRQPVDAVKLGLPDYHKIIKQPMDMGTIKRRLENNYYWAASECMQDFNTMFTNCYIYNKPTDNIVLMAQTLEKIFLQKVASMPQEEQELVVTIPKN,-2.21
1X0JA,D89Y,GRVTNQLQYLHKVVMKALWKHQFAWPFRQPVDAVKLGLPDYHKIIKQPMDMGTIKRRLENNYYWAASECMQDFNTMFTNCYIYNKPTDDIVLMAQTLEKIFLQKVASMPQEEQELVVTIPKN,D89Y,GRVTNQLQYLHKVVMKALWKHQFAWPFRQPVDAVKLGLPDYHKIIKQPMDMGTIKRRLENNYYWAASECMQDFNTMFTNCYIYNKPTDYIVLMAQTLEKIFLQKVASMPQEEQELVVTIPKN,-3.38
1X0JA,E68K,GRVTNQLQYLHKVVMKALWKHQFAWPFRQPVDAVKLGLPDYHKIIKQPMDMGTIKRRLENNYYWAASECMQDFNTMFTNCYIYNKPTDDIVLMAQTLEKIFLQKVASMPQEEQELVVTIPKN,E68K,GRVTNQLQYLHKVVMKALWKHQFAWPFRQPVDAVKLGLPDYHKIIKQPMDMGTIKRRLENNYYWAASKCMQDFNTMFTNCYIYNKPTDDIVLMAQTLEKIFLQKVASMPQEEQELVVTIPKN,-3.48
1X0JA,R28L,GRVTNQLQYLHKVVMKALWKHQFAWPFRQPVDAVKLGLPDYHKIIKQPMDMGTIKRRLENNYYWAASECMQDFNTMFTNCYIYNKPTDDIVLMAQTLEKIFLQKVASMPQEEQELVVTIPKN,R28L,GRVTNQLQYLHKVVMKALWKHQFAWPFLQPVDAVKLGLPDYHKIIKQPMDMGTIKRRLENNYYWAASECMQDFNTMFTNCYIYNKPTDDIVLMAQTLEKIFLQKVASMPQEEQELVVTIPKN,-5.22
1X0JA,Y81H,GRVTNQLQYLHKVVMKALWKHQFAWPFRQPVDAVKLGLPDYHKIIKQPMDMGTIKRRLENNYYWAASECMQDFNTMFTNCYIYNKPTDDIVLMAQTLEKIFLQKVASMPQEEQELVVTIPKN,Y81H,GRVTNQLQYLHKVVMKALWKHQFAWPFRQPVDAVKLGLPDYHKIIKQPMDMGTIKRRLENNYYWAASECMQDFNTMFTNCHIYNKPTDDIVLMAQTLEKIFLQKVASMPQEEQELVVTIPKN,-6.49
1XXNA,N181R,ASTDYWQNWTDGGGIVNAVNGSGGNYSVNWSNTGNFVVGKGWTTGSPFRTINYNAGVWAPNGNGYLTLYGWTRSPLIEYYVVDSWGTYRPTGTYKGTVKSDGGTYDIYTTTRYNAPSIDGDRTTFTQYWSVRQSKRPTGSNATITFSNHVNAWKSHGMNLGSNWAYQVMATEGYQSSGSSNVTVW,N181R,ASTDYWQNWTDGGGIVNAVNGSGGNYSVNWSNTGNFVVGKGWTTGSPFRTINYNAGVWAPNGNGYLTLYGWTRSPLIEYYVVDSWGTYRPTGTYKGTVKSDGGTYDIYTTTRYNAPSIDGDRTTFTQYWSVRQSKRPTGSNATITFSNHVNAWKSHGMNLGSNWAYQVMATEGYQSSGSSRVTVW,0.358
1XXNA,N32D,ASTDYWQNWTDGGGIVNAVNGSGGNYSVNWSNTGNFVVGKGWTTGSPFRTINYNAGVWAPNGNGYLTLYGWTRSPLIEYYVVDSWGTYRPTGTYKGTVKSDGGTYDIYTTTRYNAPSIDGDRTTFTQYWSVRQSKRPTGSNATITFSNHVNAWKSHGMNLGSNWAYQVMATEGYQSSGSSNVTVW,N32D,ASTDYWQNWTDGGGIVNAVNGSGGNYSVNWSDTGNFVVGKGWTTGSPFRTINYNAGVWAPNGNGYLTLYGWTRSPLIEYYVVDSWGTYRPTGTYKGTVKSDGGTYDIYTTTRYNAPSIDGDRTTFTQYWSVRQSKRPTGSNATITFSNHVNAWKSHGMNLGSNWAYQVMATEGYQSSGSSNVTVW,-0.86
1XXNA,N54E,ASTDYWQNWTDGGGIVNAVNGSGGNYSVNWSNTGNFVVGKGWTTGSPFRTINYNAGVWAPNGNGYLTLYGWTRSPLIEYYVVDSWGTYRPTGTYKGTVKSDGGTYDIYTTTRYNAPSIDGDRTTFTQYWSVRQSKRPTGSNATITFSNHVNAWKSHGMNLGSNWAYQVMATEGYQSSGSSNVTVW,N54E,ASTDYWQNWTDGGGIVNAVNGSGGNYSVNWSNTGNFVVGKGWTTGSPFRTINYEAGVWAPNGNGYLTLYGWTRSPLIEYYVVDSWGTYRPTGTYKGTVKSDGGTYDIYTTTRYNAPSIDGDRTTFTQYWSVRQSKRPTGSNATITFSNHVNAWKSHGMNLGSNWAYQVMATEGYQSSGSSNVTVW,-0.645
1XXNA,S22E,ASTDYWQNWTDGGGIVNAVNGSGGNYSVNWSNTGNFVVGKGWTTGSPFRTINYNAGVWAPNGNGYLTLYGWTRSPLIEYYVVDSWGTYRPTGTYKGTVKSDGGTYDIYTTTRYNAPSIDGDRTTFTQYWSVRQSKRPTGSNATITFSNHVNAWKSHGMNLGSNWAYQVMATEGYQSSGSSNVTVW,S22E,ASTDYWQNWTDGGGIVNAVNGEGGNYSVNWSNTGNFVVGKGWTTGSPFRTINYNAGVWAPNGNGYLTLYGWTRSPLIEYYVVDSWGTYRPTGTYKGTVKSDGGTYDIYTTTRYNAPSIDGDRTTFTQYWSVRQSKRPTGSNATITFSNHVNAWKSHGMNLGSNWAYQVMATEGYQSSGSSNVTVW,0.239
1XXNA,S27E,ASTDYWQNWTDGGGIVNAVNGSGGNYSVNWSNTGNFVVGKGWTTGSPFRTINYNAGVWAPNGNGYLTLYGWTRSPLIEYYVVDSWGTYRPTGTYKGTVKSDGGTYDIYTTTRYNAPSIDGDRTTFTQYWSVRQSKRPTGSNATITFSNHVNAWKSHGMNLGSNWAYQVMATEGYQSSGSSNVTVW,S27E,ASTDYWQNWTDGGGIVNAVNGSGGNYEVNWSNTGNFVVGKGWTTGSPFRTINYNAGVWAPNGNGYLTLYGWTRSPLIEYYVVDSWGTYRPTGTYKGTVKSDGGTYDIYTTTRYNAPSIDGDRTTFTQYWSVRQSKRPTGSNATITFSNHVNAWKSHGMNLGSNWAYQVMATEGYQSSGSSNVTVW,-0.645
1XZOA,F40W,GSQQIKDPLNYEVEPFTFQNQDGKNVSLESLKGEVWLADFIFTNCETICPPMTAHMTDLQKKLKAENIDVRIISFSVDPENDKPKQLKKFAANYPLSFDNWDFLTGYSQSEIEEFALKSFKAIVKKPEGEDQVIHQSSFYLVGPDGKVLKDYNGVENTPYDDIISDVKSASTLK,F40W,GSQQIKDPLNYEVEPFTFQNQDGKNVSLESLKGEVWLADWIFTNCETICPPMTAHMTDLQKKLKAENIDVRIISFSVDPENDKPKQLKKFAANYPLSFDNWDFLTGYSQSEIEEFALKSFKAIVKKPEGEDQVIHQSSFYLVGPDGKVLKDYNGVENTPYDDIISDVKSASTLK,2.87
2ARFA,H38Q,AGHMVPRVMRVLLLGDVATLPLRKVLAVVGTAEASSEHPLGVAVTKYCKEELGTETLGYCTDFQAVPGCGIGCKVSNVEGILAHSERPLSAPASHLNEAGSLPAEKDAVPQTFSVLIGNREWLRRNGLTISSDVSDAMTDHEMKGQTAILVAIDGVLCGMIAIAD,H38Q,AGHMVPRVMRVLLLGDVATLPLRKVLAVVGTAEASSEQPLGVAVTKYCKEELGTETLGYCTDFQAVPGCGIGCKVSNVEGILAHSERPLSAPASHLNEAGSLPAEKDAVPQTFSVLIGNREWLRRNGLTISSDVSDAMTDHEMKGQTAILVAIDGVLCGMIAIAD,-0.7170000000000001
2C9QA,Y79F,HPKLVSSTPAEGSEGAAPAKIELHFSENLVTQFSGAKLVMTAMPGMEHSPMAVKAAVSGGGDPKTMVITPASPLTAGTYKVDWRAVSSDTHPITGSVTFKVK,Y79F,HPKLVSSTPAEGSEGAAPAKIELHFSENLVTQFSGAKLVMTAMPGMEHSPMAVKAAVSGGGDPKTMVITPASPLTAGTFKVDWRAVSSDTHPITGSVTFKVK,-0.012
2C9QA,Y79W,HPKLVSSTPAEGSEGAAPAKIELHFSENLVTQFSGAKLVMTAMPGMEHSPMAVKAAVSGGGDPKTMVITPASPLTAGTYKVDWRAVSSDTHPITGSVTFKVK,Y79W,HPKLVSSTPAEGSEGAAPAKIELHFSENLVTQFSGAKLVMTAMPGMEHSPMAVKAAVSGGGDPKTMVITPASPLTAGTWKVDWRAVSSDTHPITGSVTFKVK,-1.233
2DVVA,Q100H,GSHMEQLKHCNGILKELLSKKHAAYAWPFYKPVDASALGLHDYHDIIKHPMDLSTVKRKMENRDYRDAQEFAADVRLMFSNCYKYNPPDHDVVAMARKLQDVFEFRYAKMPD,Q100H,GSHMEQLKHCNGILKELLSKKHAAYAWPFYKPVDASALGLHDYHDIIKHPMDLSTVKRKMENRDYRDAQEFAADVRLMFSNCYKYNPPDHDVVAMARKLHDVFEFRYAKMPD,0.89
2DVVA,R76W,GSHMEQLKHCNGILKELLSKKHAAYAWPFYKPVDASALGLHDYHDIIKHPMDLSTVKRKMENRDYRDAQEFAADVRLMFSNCYKYNPPDHDVVAMARKLQDVFEFRYAKMPD,R76W,GSHMEQLKHCNGILKELLSKKHAAYAWPFYKPVDASALGLHDYHDIIKHPMDLSTVKRKMENRDYRDAQEFAADVWLMFSNCYKYNPPDHDVVAMARKLQDVFEFRYAKMPD,-0.02
2H3FA,E11A,GARASVLSGGELDKWEKIRLRPGGKKQYKLKHIVWASRELERFAVNPGLLETSEGCRQILGQLQPSLQTGSEELRSLYNTIAVLYCVHQRIDVKDTKEALDKIEEEQNKSKKKAQQAAADTGNNSQVSQNY,E11A,GARASVLSGGALDKWEKIRLRPGGKKQYKLKHIVWASRELERFAVNPGLLETSEGCRQILGQLQPSLQTGSEELRSLYNTIAVLYCVHQRIDVKDTKEALDKIEEEQNKSKKKAQQAAADTGNNSQVSQNY,1.07
2HBBA,A22G,MKVIFLKDVKGKGKKGEIKNVADGYANNFLFKQGLAIEATPANLKALEAQK,A22G,MKVIFLKDVKGKGKKGEIKNVGDGYANNFLFKQGLAIEATPANLKALEAQK,-0.32
2HBBA,A26G,MKVIFLKDVKGKGKKGEIKNVADGYANNFLFKQGLAIEATPANLKALEAQK,A26G,MKVIFLKDVKGKGKKGEIKNVADGYGNNFLFKQGLAIEATPANLKALEAQK,-1.79
2HBBA,A36G,MKVIFLKDVKGKGKKGEIKNVADGYANNFLFKQGLAIEATPANLKALEAQK,A36G,MKVIFLKDVKGKGKKGEIKNVADGYANNFLFKQGLGIEATPANLKALEAQK,-1.55
2HBBA,A39G,MKVIFLKDVKGKGKKGEIKNVADGYANNFLFKQGLAIEATPANLKALEAQK,A39G,MKVIFLKDVKGKGKKGEIKNVADGYANNFLFKQGLAIEGTPANLKALEAQK,-1.59
2HBBA,A42G,MKVIFLKDVKGKGKKGEIKNVADGYANNFLFKQGLAIEATPANLKALEAQK,A42G,MKVIFLKDVKGKGKKGEIKNVADGYANNFLFKQGLAIEATPGNLKALEAQK,-0.33
2HBBA,A46G,MKVIFLKDVKGKGKKGEIKNVADGYANNFLFKQGLAIEATPANLKALEAQK,A46G,MKVIFLKDVKGKGKKGEIKNVADGYANNFLFKQGLAIEATPANLKGLEAQK,-0.55
2HBBA,A49G,MKVIFLKDVKGKGKKGEIKNVADGYANNFLFKQGLAIEATPANLKALEAQK,A49G,MKVIFLKDVKGKGKKGEIKNVADGYANNFLFKQGLAIEATPANLKALEGQK,-0.22
2HBBA,D23A,MKVIFLKDVKGKGKKGEIKNVADGYANNFLFKQGLAIEATPANLKALEAQK,D23A,MKVIFLKDVKGKGKKGEIKNVAAGYANNFLFKQGLAIEATPANLKALEAQK,-0.03
2HBBA,D23N,MKVIFLKDVKGKGKKGEIKNVADGYANNFLFKQGLAIEATPANLKALEAQK,D23N,MKVIFLKDVKGKGKKGEIKNVANGYANNFLFKQGLAIEATPANLKALEAQK,-0.79
2HBBA,D8A,MKVIFLKDVKGKGKKGEIKNVADGYANNFLFKQGLAIEATPANLKALEAQK,D8A,MKVIFLKAVKGKGKKGEIKNVADGYANNFLFKQGLAIEATPANLKALEAQK,-1.3
2HBBA,D8N,MKVIFLKDVKGKGKKGEIKNVADGYANNFLFKQGLAIEATPANLKALEAQK,D8N,MKVIFLKNVKGKGKKGEIKNVADGYANNFLFKQGLAIEATPANLKALEAQK,-0.38
2HBBA,E17A,MKVIFLKDVKGKGKKGEIKNVADGYANNFLFKQGLAIEATPANLKALEAQK,E17A,MKVIFLKDVKGKGKKGAIKNVADGYANNFLFKQGLAIEATPANLKALEAQK,-1.69
2HBBA,E17Q,MKVIFLKDVKGKGKKGEIKNVADGYANNFLFKQGLAIEATPANLKALEAQK,E17Q,MKVIFLKDVKGKGKKGQIKNVADGYANNFLFKQGLAIEATPANLKALEAQK,-0.33
2HBBA,E38A,MKVIFLKDVKGKGKKGEIKNVADGYANNFLFKQGLAIEATPANLKALEAQK,E38A,MKVIFLKDVKGKGKKGEIKNVADGYANNFLFKQGLAIAATPANLKALEAQK,-0.41
2HBBA,E38Q,MKVIFLKDVKGKGKKGEIKNVADGYANNFLFKQGLAIEATPANLKALEAQK,E38Q,MKVIFLKDVKGKGKKGEIKNVADGYANNFLFKQGLAIQATPANLKALEAQK,-0.68
2HBBA,E48Q,MKVIFLKDVKGKGKKGEIKNVADGYANNFLFKQGLAIEATPANLKALEAQK,E48Q,MKVIFLKDVKGKGKKGEIKNVADGYANNFLFKQGLAIEATPANLKALQAQK,0.07
2HBBA,F31A,MKVIFLKDVKGKGKKGEIKNVADGYANNFLFKQGLAIEATPANLKALEAQK,F31A,MKVIFLKDVKGKGKKGEIKNVADGYANNFLAKQGLAIEATPANLKALEAQK,-2.84
2HBBA,F5L,MKVIFLKDVKGKGKKGEIKNVADGYANNFLFKQGLAIEATPANLKALEAQK,F5L,MKVILLKDVKGKGKKGEIKNVADGYANNFLFKQGLAIEATPANLKALEAQK,-1.15
2HBBA,G24A,MKVIFLKDVKGKGKKGEIKNVADGYANNFLFKQGLAIEATPANLKALEAQK,G24A,MKVIFLKDVKGKGKKGEIKNVADAYANNFLFKQGLAIEATPANLKALEAQK,0.02
2HBBA,G34A,MKVIFLKDVKGKGKKGEIKNVADGYANNFLFKQGLAIEATPANLKALEAQK,G34A,MKVIFLKDVKGKGKKGEIKNVADGYANNFLFKQALAIEATPANLKALEAQK,-1.02
2HBBA,I18A,MKVIFLKDVKGKGKKGEIKNVADGYANNFLFKQGLAIEATPANLKALEAQK,I18A,MKVIFLKDVKGKGKKGEAKNVADGYANNFLFKQGLAIEATPANLKALEAQK,-2.05
2HBBA,I18V,MKVIFLKDVKGKGKKGEIKNVADGYANNFLFKQGLAIEATPANLKALEAQK,I18V,MKVIFLKDVKGKGKKGEVKNVADGYANNFLFKQGLAIEATPANLKALEAQK,-0.07
2HBBA,I37A,MKVIFLKDVKGKGKKGEIKNVADGYANNFLFKQGLAIEATPANLKALEAQK,I37A,MKVIFLKDVKGKGKKGEIKNVADGYANNFLFKQGLAAEATPANLKALEAQK,-1.28
2HBBA,I37V,MKVIFLKDVKGKGKKGEIKNVADGYANNFLFKQGLAIEATPANLKALEAQK,I37V,MKVIFLKDVKGKGKKGEIKNVADGYANNFLFKQGLAVEATPANLKALEAQK,0.09
2HBBA,I4V,MKVIFLKDVKGKGKKGEIKNVADGYANNFLFKQGLAIEATPANLKALEAQK,I4V,MKVVFLKDVKGKGKKGEIKNVADGYANNFLFKQGLAIEATPANLKALEAQK,-0.59
2HBBA,K10E,MKVIFLKDVKGKGKKGEIKNVADGYANNFLFKQGLAIEATPANLKALEAQK,K10E,MKVIFLKDVEGKGKKGEIKNVADGYANNFLFKQGLAIEATPANLKALEAQK,0.13
2HBBA,K10M,MKVIFLKDVKGKGKKGEIKNVADGYANNFLFKQGLAIEATPANLKALEAQK,K10M,MKVIFLKDVMGKGKKGEIKNVADGYANNFLFKQGLAIEATPANLKALEAQK,0.47
2HBBA,K12A,MKVIFLKDVKGKGKKGEIKNVADGYANNFLFKQGLAIEATPANLKALEAQK,K12A,MKVIFLKDVKGAGKKGEIKNVADGYANNFLFKQGLAIEATPANLKALEAQK,0.61
2HBBA,K12G,MKVIFLKDVKGKGKKGEIKNVADGYANNFLFKQGLAIEATPANLKALEAQK,K12G,MKVIFLKDVKGGGKKGEIKNVADGYANNFLFKQGLAIEATPANLKALEAQK,0.03
2HBBA,K12M,MKVIFLKDVKGKGKKGEIKNVADGYANNFLFKQGLAIEATPANLKALEAQK,K12M,MKVIFLKDVKGMGKKGEIKNVADGYANNFLFKQGLAIEATPANLKALEAQK,1.8
2HBBA,K14A,MKVIFLKDVKGKGKKGEIKNVADGYANNFLFKQGLAIEATPANLKALEAQK,K14A,MKVIFLKDVKGKGAKGEIKNVADGYANNFLFKQGLAIEATPANLKALEAQK,-0.73
2HBBA,K14G,MKVIFLKDVKGKGKKGEIKNVADGYANNFLFKQGLAIEATPANLKALEAQK,K14G,MKVIFLKDVKGKGGKGEIKNVADGYANNFLFKQGLAIEATPANLKALEAQK,-1.3
2HBBA,K14M,MKVIFLKDVKGKGKKGEIKNVADGYANNFLFKQGLAIEATPANLKALEAQK,K14M,MKVIFLKDVKGKGMKGEIKNVADGYANNFLFKQGLAIEATPANLKALEAQK,-0.34
2HBBA,K15G,MKVIFLKDVKGKGKKGEIKNVADGYANNFLFKQGLAIEATPANLKALEAQK,K15G,MKVIFLKDVKGKGKGGEIKNVADGYANNFLFKQGLAIEATPANLKALEAQK,-1.74
2HBBA,K15M,MKVIFLKDVKGKGKKGEIKNVADGYANNFLFKQGLAIEATPANLKALEAQK,K15M,MKVIFLKDVKGKGKMGEIKNVADGYANNFLFKQGLAIEATPANLKALEAQK,-0.44
2HBBA,K7M,MKVIFLKDVKGKGKKGEIKNVADGYANNFLFKQGLAIEATPANLKALEAQK,K7M,MKVIFLMDVKGKGKKGEIKNVADGYANNFLFKQGLAIEATPANLKALEAQK,0.21
2HBBA,L30A,MKVIFLKDVKGKGKKGEIKNVADGYANNFLFKQGLAIEATPANLKALEAQK,L30A,MKVIFLKDVKGKGKKGEIKNVADGYANNFAFKQGLAIEATPANLKALEAQK,-2.76
2HBBA,L35A,MKVIFLKDVKGKGKKGEIKNVADGYANNFLFKQGLAIEATPANLKALEAQK,L35A,MKVIFLKDVKGKGKKGEIKNVADGYANNFLFKQGAAIEATPANLKALEAQK,-1.21
2HBBA,L44A,MKVIFLKDVKGKGKKGEIKNVADGYANNFLFKQGLAIEATPANLKALEAQK,L44A,MKVIFLKDVKGKGKKGEIKNVADGYANNFLFKQGLAIEATPANAKALEAQK,-1.73
2HBBA,L47A,MKVIFLKDVKGKGKKGEIKNVADGYANNFLFKQGLAIEATPANLKALEAQK,L47A,MKVIFLKDVKGKGKKGEIKNVADGYANNFLFKQGLAIEATPANLKAAEAQK,-0.84
2HBBA,L6A,MKVIFLKDVKGKGKKGEIKNVADGYANNFLFKQGLAIEATPANLKALEAQK,L6A,MKVIFAKDVKGKGKKGEIKNVADGYANNFLFKQGLAIEATPANLKALEAQK,-3.1
2HBBA,M1A,MKVIFLKDVKGKGKKGEIKNVADGYANNFLFKQGLAIEATPANLKALEAQK,M1A,AKVIFLKDVKGKGKKGEIKNVADGYANNFLFKQGLAIEATPANLKALEAQK,-1.46
2HBBA,T40S,MKVIFLKDVKGKGKKGEIKNVADGYANNFLFKQGLAIEATPANLKALEAQK,T40S,MKVIFLKDVKGKGKKGEIKNVADGYANNFLFKQGLAIEASPANLKALEAQK,-0.8
2HBBA,V21A,MKVIFLKDVKGKGKKGEIKNVADGYANNFLFKQGLAIEATPANLKALEAQK,V21A,MKVIFLKDVKGKGKKGEIKNAADGYANNFLFKQGLAIEATPANLKALEAQK,-2.33
2HBBA,V3A,MKVIFLKDVKGKGKKGEIKNVADGYANNFLFKQGLAIEATPANLKALEAQK,V3A,MKAIFLKDVKGKGKKGEIKNVADGYANNFLFKQGLAIEATPANLKALEAQK,-2.55
2HBBA,V9A,MKVIFLKDVKGKGKKGEIKNVADGYANNFLFKQGLAIEATPANLKALEAQK,V9A,MKVIFLKDAKGKGKKGEIKNVADGYANNFLFKQGLAIEATPANLKALEAQK,-1.81
2KJ3A,D72A,MKIDAIVGRNSAKDIRTEERARVQLGNVVTAAALHGGIRISDQTTNSVETVVGKGESRVLIGNEYGGKGFWDNHHHHHH,D72A,MKIDAIVGRNSAKDIRTEERARVQLGNVVTAAALHGGIRISDQTTNSVETVVGKGESRVLIGNEYGGKGFWANHHHHHH,1.2
2KJ3A,E56A,MKIDAIVGRNSAKDIRTEERARVQLGNVVTAAALHGGIRISDQTTNSVETVVGKGESRVLIGNEYGGKGFWDNHHHHHH,E56A,MKIDAIVGRNSAKDIRTEERARVQLGNVVTAAALHGGIRISDQTTNSVETVVGKGASRVLIGNEYGGKGFWDNHHHHHH,1.9
2KJ3A,G62A,MKIDAIVGRNSAKDIRTEERARVQLGNVVTAAALHGGIRISDQTTNSVETVVGKGESRVLIGNEYGGKGFWDNHHHHHH,G62A,MKIDAIVGRNSAKDIRTEERARVQLGNVVTAAALHGGIRISDQTTNSVETVVGKGESRVLIANEYGGKGFWDNHHHHHH,-0.8
2KJ3A,K13A,MKIDAIVGRNSAKDIRTEERARVQLGNVVTAAALHGGIRISDQTTNSVETVVGKGESRVLIGNEYGGKGFWDNHHHHHH,K13A,MKIDAIVGRNSAADIRTEERARVQLGNVVTAAALHGGIRISDQTTNSVETVVGKGESRVLIGNEYGGKGFWDNHHHHHH,1.5
2KJ3A,L25A,MKIDAIVGRNSAKDIRTEERARVQLGNVVTAAALHGGIRISDQTTNSVETVVGKGESRVLIGNEYGGKGFWDNHHHHHH,L25A,MKIDAIVGRNSAKDIRTEERARVQAGNVVTAAALHGGIRISDQTTNSVETVVGKGESRVLIGNEYGGKGFWDNHHHHHH,1.0
2KJ3A,S57A,MKIDAIVGRNSAKDIRTEERARVQLGNVVTAAALHGGIRISDQTTNSVETVVGKGESRVLIGNEYGGKGFWDNHHHHHH,S57A,MKIDAIVGRNSAKDIRTEERARVQLGNVVTAAALHGGIRISDQTTNSVETVVGKGEARVLIGNEYGGKGFWDNHHHHHH,1.4
2KJ3A,V23A,MKIDAIVGRNSAKDIRTEERARVQLGNVVTAAALHGGIRISDQTTNSVETVVGKGESRVLIGNEYGGKGFWDNHHHHHH,V23A,MKIDAIVGRNSAKDIRTEERARAQLGNVVTAAALHGGIRISDQTTNSVETVVGKGESRVLIGNEYGGKGFWDNHHHHHH,1.0
2KJ3A,V48A,MKIDAIVGRNSAKDIRTEERARVQLGNVVTAAALHGGIRISDQTTNSVETVVGKGESRVLIGNEYGGKGFWDNHHHHHH,V48A,MKIDAIVGRNSAKDIRTEERARVQLGNVVTAAALHGGIRISDQTTNSAETVVGKGESRVLIGNEYGGKGFWDNHHHHHH,1.0
2KJ3A,V51A,MKIDAIVGRNSAKDIRTEERARVQLGNVVTAAALHGGIRISDQTTNSVETVVGKGESRVLIGNEYGGKGFWDNHHHHHH,V51A,MKIDAIVGRNSAKDIRTEERARVQLGNVVTAAALHGGIRISDQTTNSVETAVGKGESRVLIGNEYGGKGFWDNHHHHHH,0.2
2KS4A,D9A,SELAGTIIDGASLTFEVLDKVLGELGKVSRKIAVGIDNESGGTWTALNAYFRSGTTDVILPEVVPNTKALLYSGRKSSGPVATGAVAAFAYYMSNGNTLGVMFSVPFDYNWYSNWWDVKIYPGKRRADQGMYEDMYYGNPYRGDNGWYQKNLGYGLRMKGIMTSAGEAKMQIKISR,D9A,SELAGTIIAGASLTFEVLDKVLGELGKVSRKIAVGIDNESGGTWTALNAYFRSGTTDVILPEVVPNTKALLYSGRKSSGPVATGAVAAFAYYMSNGNTLGVMFSVPFDYNWYSNWWDVKIYPGKRRADQGMYEDMYYGNPYRGDNGWYQKNLGYGLRMKGIMTSAGEAKMQIKISR,1.26
2KS4A,E2A,SELAGTIIDGASLTFEVLDKVLGELGKVSRKIAVGIDNESGGTWTALNAYFRSGTTDVILPEVVPNTKALLYSGRKSSGPVATGAVAAFAYYMSNGNTLGVMFSVPFDYNWYSNWWDVKIYPGKRRADQGMYEDMYYGNPYRGDNGWYQKNLGYGLRMKGIMTSAGEAKMQIKISR,E2A,SALAGTIIDGASLTFEVLDKVLGELGKVSRKIAVGIDNESGGTWTALNAYFRSGTTDVILPEVVPNTKALLYSGRKSSGPVATGAVAAFAYYMSNGNTLGVMFSVPFDYNWYSNWWDVKIYPGKRRADQGMYEDMYYGNPYRGDNGWYQKNLGYGLRMKGIMTSAGEAKMQIKISR,-0.23
2LTBA,L59P,AGMGTVMDVLKGDNRFSMLVAAIQSAGLTETLNREGVYTVFAPTNEAFRALPPRERSRLLGDAKELANILKYHIGDEILVSGGIGALVRLKSLQGDKLEVSLKNNVVSVNKEPVAEPDIMATNGVVHVITNVLQP,L59P,AGMGTVMDVLKGDNRFSMLVAAIQSAGLTETLNREGVYTVFAPTNEAFRALPPRERSRPLGDAKELANILKYHIGDEILVSGGIGALVRLKSLQGDKLEVSLKNNVVSVNKEPVAEPDIMATNGVVHVITNVLQP,-1.57
2LTBA,L70R,AGMGTVMDVLKGDNRFSMLVAAIQSAGLTETLNREGVYTVFAPTNEAFRALPPRERSRLLGDAKELANILKYHIGDEILVSGGIGALVRLKSLQGDKLEVSLKNNVVSVNKEPVAEPDIMATNGVVHVITNVLQP,L70R,AGMGTVMDVLKGDNRFSMLVAAIQSAGLTETLNREGVYTVFAPTNEAFRALPPRERSRLLGDAKELANIRKYHIGDEILVSGGIGALVRLKSLQGDKLEVSLKNNVVSVNKEPVAEPDIMATNGVVHVITNVLQP,-3.11
2LTBA,M120K,AGMGTVMDVLKGDNRFSMLVAAIQSAGLTETLNREGVYTVFAPTNEAFRALPPRERSRLLGDAKELANILKYHIGDEILVSGGIGALVRLKSLQGDKLEVSLKNNVVSVNKEPVAEPDIMATNGVVHVITNVLQP,M120K,AGMGTVMDVLKGDNRFSMLVAAIQSAGLTETLNREGVYTVFAPTNEAFRALPPRERSRLLGDAKELANILKYHIGDEILVSGGIGALVRLKSLQGDKLEVSLKNNVVSVNKEPVAEPDIKATNGVVHVITNVLQP,-3.34
2LTBA,R34Q,AGMGTVMDVLKGDNRFSMLVAAIQSAGLTETLNREGVYTVFAPTNEAFRALPPRERSRLLGDAKELANILKYHIGDEILVSGGIGALVRLKSLQGDKLEVSLKNNVVSVNKEPVAEPDIMATNGVVHVITNVLQP,R34Q,AGMGTVMDVLKGDNRFSMLVAAIQSAGLTETLNQEGVYTVFAPTNEAFRALPPRERSRLLGDAKELANILKYHIGDEILVSGGIGALVRLKSLQGDKLEVSLKNNVVSVNKEPVAEPDIMATNGVVHVITNVLQP,-1.1
2LTBA,R56Q,AGMGTVMDVLKGDNRFSMLVAAIQSAGLTETLNREGVYTVFAPTNEAFRALPPRERSRLLGDAKELANILKYHIGDEILVSGGIGALVRLKSLQGDKLEVSLKNNVVSVNKEPVAEPDIMATNGVVHVITNVLQP,R56Q,AGMGTVMDVLKGDNRFSMLVAAIQSAGLTETLNREGVYTVFAPTNEAFRALPPREQSRLLGDAKELANILKYHIGDEILVSGGIGALVRLKSLQGDKLEVSLKNNVVSVNKEPVAEPDIMATNGVVHVITNVLQP,-0.36
2LTBA,R56W,AGMGTVMDVLKGDNRFSMLVAAIQSAGLTETLNREGVYTVFAPTNEAFRALPPRERSRLLGDAKELANILKYHIGDEILVSGGIGALVRLKSLQGDKLEVSLKNNVVSVNKEPVAEPDIMATNGVVHVITNVLQP,R56W,AGMGTVMDVLKGDNRFSMLVAAIQSAGLTETLNREGVYTVFAPTNEAFRALPPREWSRLLGDAKELANILKYHIGDEILVSGGIGALVRLKSLQGDKLEVSLKNNVVSVNKEPVAEPDIMATNGVVHVITNVLQP,1.79
2MPCA,R39A,MAKTPSDHLLSTLEELVPYDFEKFKFKLQNTSVQKEHSRIPRSQIQRARPVKMATLLVTYYGEEYAVQLTLQVLRAINQRLLAEELHRAAIQLEHHHHHH,R39A,MAKTPSDHLLSTLEELVPYDFEKFKFKLQNTSVQKEHSAIPRSQIQRARPVKMATLLVTYYGEEYAVQLTLQVLRAINQRLLAEELHRAAIQLEHHHHHH,0.62
2MPCA,R39W,MAKTPSDHLLSTLEELVPYDFEKFKFKLQNTSVQKEHSRIPRSQIQRARPVKMATLLVTYYGEEYAVQLTLQVLRAINQRLLAEELHRAAIQLEHHHHHH,R39W,MAKTPSDHLLSTLEELVPYDFEKFKFKLQNTSVQKEHSWIPRSQIQRARPVKMATLLVTYYGEEYAVQLTLQVLRAINQRLLAEELHRAAIQLEHHHHHH,2.08
2N7ZA,P88A,GIAQQWIQSKREDIVNQMTEACLNQSLDALLSRDLIMKEDYELVSTKPTRTSKVRQLLDTTDIQGEEFAKVIVQKLKDNKQMGLQPYPEILVVSRSPSLNLLQNKS,P88A,GIAQQWIQSKREDIVNQMTEACLNQSLDALLSRDLIMKEDYELVSTKPTRTSKVRQLLDTTDIQGEEFAKVIVQKLKDNKQMGLQPYAEILVVSRSPSLNLLQNKS,-0.6
2NTEA,I171V,GPLVLIGSGLSSEQQKMLSELAVILKAKKYTEFDSTVTHVVVPGDAVQSTLKCMLGILNGCWILKFEWVKACLRRKVCEQEEKYEIPEGPRRSRLNREQLLPKLFDGCYFYLWGTFKHHPKDNLIKLVTAGGGQILSRKPKPDSDVTQTINTVAYHARPDSDQRFCTQYIIYEDLCNYHPERVRQGKVWKAPSSWFIDCVMSFELLPLDS,I171V,GPLVLIGSGLSSEQQKMLSELAVILKAKKYTEFDSTVTHVVVPGDAVQSTLKCMLGILNGCWILKFEWVKACLRRKVCEQEEKYEIPEGPRRSRLNREQLLPKLFDGCYFYLWGTFKHHPKDNLIKLVTAGGGQILSRKPKPDSDVTQTINTVAYHARPDSDQRFCTQYIVYEDLCNYHPERVRQGKVWKAPSSWFIDCVMSFELLPLDS,-2.0
2NTEA,R91C,GPLVLIGSGLSSEQQKMLSELAVILKAKKYTEFDSTVTHVVVPGDAVQSTLKCMLGILNGCWILKFEWVKACLRRKVCEQEEKYEIPEGPRRSRLNREQLLPKLFDGCYFYLWGTFKHHPKDNLIKLVTAGGGQILSRKPKPDSDVTQTINTVAYHARPDSDQRFCTQYIIYEDLCNYHPERVRQGKVWKAPSSWFIDCVMSFELLPLDS,R91C,GPLVLIGSGLSSEQQKMLSELAVILKAKKYTEFDSTVTHVVVPGDAVQSTLKCMLGILNGCWILKFEWVKACLRRKVCEQEEKYEIPEGPCRSRLNREQLLPKLFDGCYFYLWGTFKHHPKDNLIKLVTAGGGQILSRKPKPDSDVTQTINTVAYHARPDSDQRFCTQYIIYEDLCNYHPERVRQGKVWKAPSSWFIDCVMSFELLPLDS,-2.3
2PTLA,A22G,ENKEETPETPETDSEEEVTIKANLIFANGSTQTAEFKGTFEKATSEAYAYADTLKKDNGEYTVDVADKGYTLNIKFAG,A22G,ENKEETPETPETDSEEEVTIKGNLIFANGSTQTAEFKGTFEKATSEAYAYADTLKKDNGEYTVDVADKGYTLNIKFAG,-2.43
2PTLA,A27P,ENKEETPETPETDSEEEVTIKANLIFANGSTQTAEFKGTFEKATSEAYAYADTLKKDNGEYTVDVADKGYTLNIKFAG,A27P,ENKEETPETPETDSEEEVTIKANLIFPNGSTQTAEFKGTFEKATSEAYAYADTLKKDNGEYTVDVADKGYTLNIKFAG,0.1
2PTLA,A27V,ENKEETPETPETDSEEEVTIKANLIFANGSTQTAEFKGTFEKATSEAYAYADTLKKDNGEYTVDVADKGYTLNIKFAG,A27V,ENKEETPETPETDSEEEVTIKANLIFVNGSTQTAEFKGTFEKATSEAYAYADTLKKDNGEYTVDVADKGYTLNIKFAG,-0.83
2PTLA,A34G,ENKEETPETPETDSEEEVTIKANLIFANGSTQTAEFKGTFEKATSEAYAYADTLKKDNGEYTVDVADKGYTLNIKFAG,A34G,ENKEETPETPETDSEEEVTIKANLIFANGSTQTGEFKGTFEKATSEAYAYADTLKKDNGEYTVDVADKGYTLNIKFAG,-2.17
2PTLA,A34V,ENKEETPETPETDSEEEVTIKANLIFANGSTQTAEFKGTFEKATSEAYAYADTLKKDNGEYTVDVADKGYTLNIKFAG,A34V,ENKEETPETPETDSEEEVTIKANLIFANGSTQTVEFKGTFEKATSEAYAYADTLKKDNGEYTVDVADKGYTLNIKFAG,1.47
2PTLA,A43G,ENKEETPETPETDSEEEVTIKANLIFANGSTQTAEFKGTFEKATSEAYAYADTLKKDNGEYTVDVADKGYTLNIKFAG,A43G,ENKEETPETPETDSEEEVTIKANLIFANGSTQTAEFKGTFEKGTSEAYAYADTLKKDNGEYTVDVADKGYTLNIKFAG,-2.54
2PTLA,A47G,ENKEETPETPETDSEEEVTIKANLIFANGSTQTAEFKGTFEKATSEAYAYADTLKKDNGEYTVDVADKGYTLNIKFAG,A47G,ENKEETPETPETDSEEEVTIKANLIFANGSTQTAEFKGTFEKATSEGYAYADTLKKDNGEYTVDVADKGYTLNIKFAG,-3.1
2PTLA,A49G,ENKEETPETPETDSEEEVTIKANLIFANGSTQTAEFKGTFEKATSEAYAYADTLKKDNGEYTVDVADKGYTLNIKFAG,A49G,ENKEETPETPETDSEEEVTIKANLIFANGSTQTAEFKGTFEKATSEAYGYADTLKKDNGEYTVDVADKGYTLNIKFAG,-1.32
2PTLA,A51G,ENKEETPETPETDSEEEVTIKANLIFANGSTQTAEFKGTFEKATSEAYAYADTLKKDNGEYTVDVADKGYTLNIKFAG,A51G,ENKEETPETPETDSEEEVTIKANLIFANGSTQTAEFKGTFEKATSEAYAYGDTLKKDNGEYTVDVADKGYTLNIKFAG,-3.12
2PTLA,A66G,ENKEETPETPETDSEEEVTIKANLIFANGSTQTAEFKGTFEKATSEAYAYADTLKKDNGEYTVDVADKGYTLNIKFAG,A66G,ENKEETPETPETDSEEEVTIKANLIFANGSTQTAEFKGTFEKATSEAYAYADTLKKDNGEYTVDVGDKGYTLNIKFAG,-0.49
2PTLA,D52A,ENKEETPETPETDSEEEVTIKANLIFANGSTQTAEFKGTFEKATSEAYAYADTLKKDNGEYTVDVADKGYTLNIKFAG,D52A,ENKEETPETPETDSEEEVTIKANLIFANGSTQTAEFKGTFEKATSEAYAYAATLKKDNGEYTVDVADKGYTLNIKFAG,-1.21
2PTLA,D52G,ENKEETPETPETDSEEEVTIKANLIFANGSTQTAEFKGTFEKATSEAYAYADTLKKDNGEYTVDVADKGYTLNIKFAG,D52G,ENKEETPETPETDSEEEVTIKANLIFANGSTQTAEFKGTFEKATSEAYAYAGTLKKDNGEYTVDVADKGYTLNIKFAG,-2.14
2PTLA,D64A,ENKEETPETPETDSEEEVTIKANLIFANGSTQTAEFKGTFEKATSEAYAYADTLKKDNGEYTVDVADKGYTLNIKFAG,D64A,ENKEETPETPETDSEEEVTIKANLIFANGSTQTAEFKGTFEKATSEAYAYADTLKKDNGEYTVAVADKGYTLNIKFAG,-0.2
2PTLA,E35A,ENKEETPETPETDSEEEVTIKANLIFANGSTQTAEFKGTFEKATSEAYAYADTLKKDNGEYTVDVADKGYTLNIKFAG,E35A,ENKEETPETPETDSEEEVTIKANLIFANGSTQTAAFKGTFEKATSEAYAYADTLKKDNGEYTVDVADKGYTLNIKFAG,-0.59
2PTLA,E46G,ENKEETPETPETDSEEEVTIKANLIFANGSTQTAEFKGTFEKATSEAYAYADTLKKDNGEYTVDVADKGYTLNIKFAG,E46G,ENKEETPETPETDSEEEVTIKANLIFANGSTQTAEFKGTFEKATSGAYAYADTLKKDNGEYTVDVADKGYTLNIKFAG,-1.19
2PTLA,E46I,ENKEETPETPETDSEEEVTIKANLIFANGSTQTAEFKGTFEKATSEAYAYADTLKKDNGEYTVDVADKGYTLNIKFAG,E46I,ENKEETPETPETDSEEEVTIKANLIFANGSTQTAEFKGTFEKATSIAYAYADTLKKDNGEYTVDVADKGYTLNIKFAG,-1.08
2PTLA,E60A,ENKEETPETPETDSEEEVTIKANLIFANGSTQTAEFKGTFEKATSEAYAYADTLKKDNGEYTVDVADKGYTLNIKFAG,E60A,ENKEETPETPETDSEEEVTIKANLIFANGSTQTAEFKGTFEKATSEAYAYADTLKKDNGAYTVDVADKGYTLNIKFAG,-0.23
2PTLA,F26A,ENKEETPETPETDSEEEVTIKANLIFANGSTQTAEFKGTFEKATSEAYAYADTLKKDNGEYTVDVADKGYTLNIKFAG,F26A,ENKEETPETPETDSEEEVTIKANLIAANGSTQTAEFKGTFEKATSEAYAYADTLKKDNGEYTVDVADKGYTLNIKFAG,-3.12
2PTLA,F26L,ENKEETPETPETDSEEEVTIKANLIFANGSTQTAEFKGTFEKATSEAYAYADTLKKDNGEYTVDVADKGYTLNIKFAG,F26L,ENKEETPETPETDSEEEVTIKANLILANGSTQTAEFKGTFEKATSEAYAYADTLKKDNGEYTVDVADKGYTLNIKFAG,-0.68
2PTLA,F36A,ENKEETPETPETDSEEEVTIKANLIFANGSTQTAEFKGTFEKATSEAYAYADTLKKDNGEYTVDVADKGYTLNIKFAG,F36A,ENKEETPETPETDSEEEVTIKANLIFANGSTQTAEAKGTFEKATSEAYAYADTLKKDNGEYTVDVADKGYTLNIKFAG,-4.15
2PTLA,F36L,ENKEETPETPETDSEEEVTIKANLIFANGSTQTAEFKGTFEKATSEAYAYADTLKKDNGEYTVDVADKGYTLNIKFAG,F36L,ENKEETPETPETDSEEEVTIKANLIFANGSTQTAELKGTFEKATSEAYAYADTLKKDNGEYTVDVADKGYTLNIKFAG,-3.12
2PTLA,F40G,ENKEETPETPETDSEEEVTIKANLIFANGSTQTAEFKGTFEKATSEAYAYADTLKKDNGEYTVDVADKGYTLNIKFAG,F40G,ENKEETPETPETDSEEEVTIKANLIFANGSTQTAEFKGTGEKATSEAYAYADTLKKDNGEYTVDVADKGYTLNIKFAG,-3.08
2PTLA,F40L,ENKEETPETPETDSEEEVTIKANLIFANGSTQTAEFKGTFEKATSEAYAYADTLKKDNGEYTVDVADKGYTLNIKFAG,F40L,ENKEETPETPETDSEEEVTIKANLIFANGSTQTAEFKGTLEKATSEAYAYADTLKKDNGEYTVDVADKGYTLNIKFAG,-0.38
2PTLA,F76L,ENKEETPETPETDSEEEVTIKANLIFANGSTQTAEFKGTFEKATSEAYAYADTLKKDNGEYTVDVADKGYTLNIKFAG,F76L,ENKEETPETPETDSEEEVTIKANLIFANGSTQTAEFKGTFEKATSEAYAYADTLKKDNGEYTVDVADKGYTLNIKLAG,-3.34
2PTLA,F76V,ENKEETPETPETDSEEEVTIKANLIFANGSTQTAEFKGTFEKATSEAYAYADTLKKDNGEYTVDVADKGYTLNIKFAG,F76V,ENKEETPETPETDSEEEVTIKANLIFANGSTQTAEFKGTFEKATSEAYAYADTLKKDNGEYTVDVADKGYTLNIKVAG,-3.73
2PTLA,G29A,ENKEETPETPETDSEEEVTIKANLIFANGSTQTAEFKGTFEKATSEAYAYADTLKKDNGEYTVDVADKGYTLNIKFAG,G29A,ENKEETPETPETDSEEEVTIKANLIFANASTQTAEFKGTFEKATSEAYAYADTLKKDNGEYTVDVADKGYTLNIKFAG,-1.52
2PTLA,G29V,ENKEETPETPETDSEEEVTIKANLIFANGSTQTAEFKGTFEKATSEAYAYADTLKKDNGEYTVDVADKGYTLNIKFAG,G29V,ENKEETPETPETDSEEEVTIKANLIFANVSTQTAEFKGTFEKATSEAYAYADTLKKDNGEYTVDVADKGYTLNIKFAG,-2.53
2PTLA,G38A,ENKEETPETPETDSEEEVTIKANLIFANGSTQTAEFKGTFEKATSEAYAYADTLKKDNGEYTVDVADKGYTLNIKFAG,G38A,ENKEETPETPETDSEEEVTIKANLIFANGSTQTAEFKATFEKATSEAYAYADTLKKDNGEYTVDVADKGYTLNIKFAG,-2.08
2PTLA,G59A,ENKEETPETPETDSEEEVTIKANLIFANGSTQTAEFKGTFEKATSEAYAYADTLKKDNGEYTVDVADKGYTLNIKFAG,G59A,ENKEETPETPETDSEEEVTIKANLIFANGSTQTAEFKGTFEKATSEAYAYADTLKKDNAEYTVDVADKGYTLNIKFAG,-2.23
2PTLA,G69A,ENKEETPETPETDSEEEVTIKANLIFANGSTQTAEFKGTFEKATSEAYAYADTLKKDNGEYTVDVADKGYTLNIKFAG,G69A,ENKEETPETPETDSEEEVTIKANLIFANGSTQTAEFKGTFEKATSEAYAYADTLKKDNGEYTVDVADKAYTLNIKFAG,-2.04
2PTLA,I20A,ENKEETPETPETDSEEEVTIKANLIFANGSTQTAEFKGTFEKATSEAYAYADTLKKDNGEYTVDVADKGYTLNIKFAG,I20A,ENKEETPETPETDSEEEVTAKANLIFANGSTQTAEFKGTFEKATSEAYAYADTLKKDNGEYTVDVADKGYTLNIKFAG,-4.9
2PTLA,I20V,ENKEETPETPETDSEEEVTIKANLIFANGSTQTAEFKGTFEKATSEAYAYADTLKKDNGEYTVDVADKGYTLNIKFAG,I20V,ENKEETPETPETDSEEEVTVKANLIFANGSTQTAEFKGTFEKATSEAYAYADTLKKDNGEYTVDVADKGYTLNIKFAG,-0.56
2PTLA,I25A,ENKEETPETPETDSEEEVTIKANLIFANGSTQTAEFKGTFEKATSEAYAYADTLKKDNGEYTVDVADKGYTLNIKFAG,I25A,ENKEETPETPETDSEEEVTIKANLAFANGSTQTAEFKGTFEKATSEAYAYADTLKKDNGEYTVDVADKGYTLNIKFAG,-1.37
2PTLA,I25V,ENKEETPETPETDSEEEVTIKANLIFANGSTQTAEFKGTFEKATSEAYAYADTLKKDNGEYTVDVADKGYTLNIKFAG,I25V,ENKEETPETPETDSEEEVTIKANLVFANGSTQTAEFKGTFEKATSEAYAYADTLKKDNGEYTVDVADKGYTLNIKFAG,-0.47
2PTLA,I74A,ENKEETPETPETDSEEEVTIKANLIFANGSTQTAEFKGTFEKATSEAYAYADTLKKDNGEYTVDVADKGYTLNIKFAG,I74A,ENKEETPETPETDSEEEVTIKANLIFANGSTQTAEFKGTFEKATSEAYAYADTLKKDNGEYTVDVADKGYTLNAKFAG,-4.72
2PTLA,I74V,ENKEETPETPETDSEEEVTIKANLIFANGSTQTAEFKGTFEKATSEAYAYADTLKKDNGEYTVDVADKGYTLNIKFAG,I74V,ENKEETPETPETDSEEEVTIKANLIFANGSTQTAEFKGTFEKATSEAYAYADTLKKDNGEYTVDVADKGYTLNVKFAG,-1.69
2PTLA,K21A,ENKEETPETPETDSEEEVTIKANLIFANGSTQTAEFKGTFEKATSEAYAYADTLKKDNGEYTVDVADKGYTLNIKFAG,K21A,ENKEETPETPETDSEEEVTIAANLIFANGSTQTAEFKGTFEKATSEAYAYADTLKKDNGEYTVDVADKGYTLNIKFAG,-0.92
2PTLA,K37A,ENKEETPETPETDSEEEVTIKANLIFANGSTQTAEFKGTFEKATSEAYAYADTLKKDNGEYTVDVADKGYTLNIKFAG,K37A,ENKEETPETPETDSEEEVTIKANLIFANGSTQTAEFAGTFEKATSEAYAYADTLKKDNGEYTVDVADKGYTLNIKFAG,-0.88
2PTLA,K42G,ENKEETPETPETDSEEEVTIKANLIFANGSTQTAEFKGTFEKATSEAYAYADTLKKDNGEYTVDVADKGYTLNIKFAG,K42G,ENKEETPETPETDSEEEVTIKANLIFANGSTQTAEFKGTFEGATSEAYAYADTLKKDNGEYTVDVADKGYTLNIKFAG,0.16
2PTLA,K55A,ENKEETPETPETDSEEEVTIKANLIFANGSTQTAEFKGTFEKATSEAYAYADTLKKDNGEYTVDVADKGYTLNIKFAG,K55A,ENKEETPETPETDSEEEVTIKANLIFANGSTQTAEFKGTFEKATSEAYAYADTLAKDNGEYTVDVADKGYTLNIKFAG,0.58
2PTLA,K56A,ENKEETPETPETDSEEEVTIKANLIFANGSTQTAEFKGTFEKATSEAYAYADTLKKDNGEYTVDVADKGYTLNIKFAG,K56A,ENKEETPETPETDSEEEVTIKANLIFANGSTQTAEFKGTFEKATSEAYAYADTLKADNGEYTVDVADKGYTLNIKFAG,0.35
2PTLA,K68A,ENKEETPETPETDSEEEVTIKANLIFANGSTQTAEFKGTFEKATSEAYAYADTLKKDNGEYTVDVADKGYTLNIKFAG,K68A,ENKEETPETPETDSEEEVTIKANLIFANGSTQTAEFKGTFEKATSEAYAYADTLKKDNGEYTVDVADAGYTLNIKFAG,-0.09
2PTLA,K75A,ENKEETPETPETDSEEEVTIKANLIFANGSTQTAEFKGTFEKATSEAYAYADTLKKDNGEYTVDVADKGYTLNIKFAG,K75A,ENKEETPETPETDSEEEVTIKANLIFANGSTQTAEFKGTFEKATSEAYAYADTLKKDNGEYTVDVADKGYTLNIAFAG,-0.45
2PTLA,L24A,ENKEETPETPETDSEEEVTIKANLIFANGSTQTAEFKGTFEKATSEAYAYADTLKKDNGEYTVDVADKGYTLNIKFAG,L24A,ENKEETPETPETDSEEEVTIKANAIFANGSTQTAEFKGTFEKATSEAYAYADTLKKDNGEYTVDVADKGYTLNIKFAG,-3.12
2PTLA,L54A,ENKEETPETPETDSEEEVTIKANLIFANGSTQTAEFKGTFEKATSEAYAYADTLKKDNGEYTVDVADKGYTLNIKFAG,L54A,ENKEETPETPETDSEEEVTIKANLIFANGSTQTAEFKGTFEKATSEAYAYADTAKKDNGEYTVDVADKGYTLNIKFAG,-2.44
2PTLA,L72A,ENKEETPETPETDSEEEVTIKANLIFANGSTQTAEFKGTFEKATSEAYAYADTLKKDNGEYTVDVADKGYTLNIKFAG,L72A,ENKEETPETPETDSEEEVTIKANLIFANGSTQTAEFKGTFEKATSEAYAYADTLKKDNGEYTVDVADKGYTANIKFAG,-3.77
2PTLA,N23A,ENKEETPETPETDSEEEVTIKANLIFANGSTQTAEFKGTFEKATSEAYAYADTLKKDNGEYTVDVADKGYTLNIKFAG,N23A,ENKEETPETPETDSEEEVTIKAALIFANGSTQTAEFKGTFEKATSEAYAYADTLKKDNGEYTVDVADKGYTLNIKFAG,-1.87
2PTLA,N28A,ENKEETPETPETDSEEEVTIKANLIFANGSTQTAEFKGTFEKATSEAYAYADTLKKDNGEYTVDVADKGYTLNIKFAG,N28A,ENKEETPETPETDSEEEVTIKANLIFAAGSTQTAEFKGTFEKATSEAYAYADTLKKDNGEYTVDVADKGYTLNIKFAG,-1.78
2PTLA,N58A,ENKEETPETPETDSEEEVTIKANLIFANGSTQTAEFKGTFEKATSEAYAYADTLKKDNGEYTVDVADKGYTLNIKFAG,N58A,ENKEETPETPETDSEEEVTIKANLIFANGSTQTAEFKGTFEKATSEAYAYADTLKKDAGEYTVDVADKGYTLNIKFAG,-0.34
2PTLA,N73A,ENKEETPETPETDSEEEVTIKANLIFANGSTQTAEFKGTFEKATSEAYAYADTLKKDNGEYTVDVADKGYTLNIKFAG,N73A,ENKEETPETPETDSEEEVTIKANLIFANGSTQTAEFKGTFEKATSEAYAYADTLKKDNGEYTVDVADKGYTLAIKFAG,-1.73
2PTLA,S30A,ENKEETPETPETDSEEEVTIKANLIFANGSTQTAEFKGTFEKATSEAYAYADTLKKDNGEYTVDVADKGYTLNIKFAG,S30A,ENKEETPETPETDSEEEVTIKANLIFANGATQTAEFKGTFEKATSEAYAYADTLKKDNGEYTVDVADKGYTLNIKFAG,-0.3
2PTLA,S45A,ENKEETPETPETDSEEEVTIKANLIFANGSTQTAEFKGTFEKATSEAYAYADTLKKDNGEYTVDVADKGYTLNIKFAG,S45A,ENKEETPETPETDSEEEVTIKANLIFANGSTQTAEFKGTFEKATAEAYAYADTLKKDNGEYTVDVADKGYTLNIKFAG,0.41
2PTLA,S45G,ENKEETPETPETDSEEEVTIKANLIFANGSTQTAEFKGTFEKATSEAYAYADTLKKDNGEYTVDVADKGYTLNIKFAG,S45G,ENKEETPETPETDSEEEVTIKANLIFANGSTQTAEFKGTFEKATGEAYAYADTLKKDNGEYTVDVADKGYTLNIKFAG,-0.82
2PTLA,T19A,ENKEETPETPETDSEEEVTIKANLIFANGSTQTAEFKGTFEKATSEAYAYADTLKKDNGEYTVDVADKGYTLNIKFAG,T19A,ENKEETPETPETDSEEEVAIKANLIFANGSTQTAEFKGTFEKATSEAYAYADTLKKDNGEYTVDVADKGYTLNIKFAG,-1.63
2PTLA,T31A,ENKEETPETPETDSEEEVTIKANLIFANGSTQTAEFKGTFEKATSEAYAYADTLKKDNGEYTVDVADKGYTLNIKFAG,T31A,ENKEETPETPETDSEEEVTIKANLIFANGSAQTAEFKGTFEKATSEAYAYADTLKKDNGEYTVDVADKGYTLNIKFAG,-1.17
2PTLA,T33A,ENKEETPETPETDSEEEVTIKANLIFANGSTQTAEFKGTFEKATSEAYAYADTLKKDNGEYTVDVADKGYTLNIKFAG,T33A,ENKEETPETPETDSEEEVTIKANLIFANGSTQAAEFKGTFEKATSEAYAYADTLKKDNGEYTVDVADKGYTLNIKFAG,-1.11
2PTLA,T39A,ENKEETPETPETDSEEEVTIKANLIFANGSTQTAEFKGTFEKATSEAYAYADTLKKDNGEYTVDVADKGYTLNIKFAG,T39A,ENKEETPETPETDSEEEVTIKANLIFANGSTQTAEFKGAFEKATSEAYAYADTLKKDNGEYTVDVADKGYTLNIKFAG,-1.25
2PTLA,T44A,ENKEETPETPETDSEEEVTIKANLIFANGSTQTAEFKGTFEKATSEAYAYADTLKKDNGEYTVDVADKGYTLNIKFAG,T44A,ENKEETPETPETDSEEEVTIKANLIFANGSTQTAEFKGTFEKAASEAYAYADTLKKDNGEYTVDVADKGYTLNIKFAG,-1.09
2PTLA,T53G,ENKEETPETPETDSEEEVTIKANLIFANGSTQTAEFKGTFEKATSEAYAYADTLKKDNGEYTVDVADKGYTLNIKFAG,T53G,ENKEETPETPETDSEEEVTIKANLIFANGSTQTAEFKGTFEKATSEAYAYADGLKKDNGEYTVDVADKGYTLNIKFAG,-0.17
2PTLA,T62A,ENKEETPETPETDSEEEVTIKANLIFANGSTQTAEFKGTFEKATSEAYAYADTLKKDNGEYTVDVADKGYTLNIKFAG,T62A,ENKEETPETPETDSEEEVTIKANLIFANGSTQTAEFKGTFEKATSEAYAYADTLKKDNGEYAVDVADKGYTLNIKFAG,-0.97
2PTLA,T71A,ENKEETPETPETDSEEEVTIKANLIFANGSTQTAEFKGTFEKATSEAYAYADTLKKDNGEYTVDVADKGYTLNIKFAG,T71A,ENKEETPETPETDSEEEVTIKANLIFANGSTQTAEFKGTFEKATSEAYAYADTLKKDNGEYTVDVADKGYALNIKFAG,-1.83
2PTLA,V18A,ENKEETPETPETDSEEEVTIKANLIFANGSTQTAEFKGTFEKATSEAYAYADTLKKDNGEYTVDVADKGYTLNIKFAG,V18A,ENKEETPETPETDSEEEATIKANLIFANGSTQTAEFKGTFEKATSEAYAYADTLKKDNGEYTVDVADKGYTLNIKFAG,-1.22
2PTLA,V63A,ENKEETPETPETDSEEEVTIKANLIFANGSTQTAEFKGTFEKATSEAYAYADTLKKDNGEYTVDVADKGYTLNIKFAG,V63A,ENKEETPETPETDSEEEVTIKANLIFANGSTQTAEFKGTFEKATSEAYAYADTLKKDNGEYTADVADKGYTLNIKFAG,-0.92
2PTLA,V65A,ENKEETPETPETDSEEEVTIKANLIFANGSTQTAEFKGTFEKATSEAYAYADTLKKDNGEYTVDVADKGYTLNIKFAG,V65A,ENKEETPETPETDSEEEVTIKANLIFANGSTQTAEFKGTFEKATSEAYAYADTLKKDNGEYTVDAADKGYTLNIKFAG,-1.14
2PTLA,Y48A,ENKEETPETPETDSEEEVTIKANLIFANGSTQTAEFKGTFEKATSEAYAYADTLKKDNGEYTVDVADKGYTLNIKFAG,Y48A,ENKEETPETPETDSEEEVTIKANLIFANGSTQTAEFKGTFEKATSEAAAYADTLKKDNGEYTVDVADKGYTLNIKFAG,-2.82
2PTLA,Y50A,ENKEETPETPETDSEEEVTIKANLIFANGSTQTAEFKGTFEKATSEAYAYADTLKKDNGEYTVDVADKGYTLNIKFAG,Y50A,ENKEETPETPETDSEEEVTIKANLIFANGSTQTAEFKGTFEKATSEAYAAADTLKKDNGEYTVDVADKGYTLNIKFAG,-2.46
2PTLA,Y70A,ENKEETPETPETDSEEEVTIKANLIFANGSTQTAEFKGTFEKATSEAYAYADTLKKDNGEYTVDVADKGYTLNIKFAG,Y70A,ENKEETPETPETDSEEEVTIKANLIFANGSTQTAEFKGTFEKATSEAYAYADTLKKDNGEYTVDVADKGATLNIKFAG,-1.66
2PTLA,Y70L,ENKEETPETPETDSEEEVTIKANLIFANGSTQTAEFKGTFEKATSEAYAYADTLKKDNGEYTVDVADKGYTLNIKFAG,Y70L,ENKEETPETPETDSEEEVTIKANLIFANGSTQTAEFKGTFEKATSEAYAYADTLKKDNGEYTVDVADKGLTLNIKFAG,0.43
2VY0A,D254A,MVPEVIEIDGKQWRLIWHDEFEGSEVNKEYWTFEKGNGIAYGIPGWGNGELEYYTENNTYIVNGTLVIEARKEIITDPNEGTFLYTSSRLKTEGKVEFSPPVVVEARIKLPKGKGLWPAFWMLGSNIREVGWPNCGEIDIMEFLGHEPRTIHGTVHGPGYSGSKGITRAYTLPEGVPDFTEDFHVFGIVWYPDKIKWYVDGTFYHEVTKEQVEAMGYEWVFDKPFYIILNLAVGGYWPGNPDATTPFPAKMVVDYVRVYSFVSG,D254A,MVPEVIEIDGKQWRLIWHDEFEGSEVNKEYWTFEKGNGIAYGIPGWGNGELEYYTENNTYIVNGTLVIEARKEIITDPNEGTFLYTSSRLKTEGKVEFSPPVVVEARIKLPKGKGLWPAFWMLGSNIREVGWPNCGEIDIMEFLGHEPRTIHGTVHGPGYSGSKGITRAYTLPEGVPDFTEDFHVFGIVWYPDKIKWYVDGTFYHEVTKEQVEAMGYEWVFDKPFYIILNLAVGGYWPGNPDATTPFPAKMVVAYVRVYSFVSG,-5.975
2VY0A,E20A,MVPEVIEIDGKQWRLIWHDEFEGSEVNKEYWTFEKGNGIAYGIPGWGNGELEYYTENNTYIVNGTLVIEARKEIITDPNEGTFLYTSSRLKTEGKVEFSPPVVVEARIKLPKGKGLWPAFWMLGSNIREVGWPNCGEIDIMEFLGHEPRTIHGTVHGPGYSGSKGITRAYTLPEGVPDFTEDFHVFGIVWYPDKIKWYVDGTFYHEVTKEQVEAMGYEWVFDKPFYIILNLAVGGYWPGNPDATTPFPAKMVVDYVRVYSFVSG,E20A,MVPEVIEIDGKQWRLIWHDAFEGSEVNKEYWTFEKGNGIAYGIPGWGNGELEYYTENNTYIVNGTLVIEARKEIITDPNEGTFLYTSSRLKTEGKVEFSPPVVVEARIKLPKGKGLWPAFWMLGSNIREVGWPNCGEIDIMEFLGHEPRTIHGTVHGPGYSGSKGITRAYTLPEGVPDFTEDFHVFGIVWYPDKIKWYVDGTFYHEVTKEQVEAMGYEWVFDKPFYIILNLAVGGYWPGNPDATTPFPAKMVVDYVRVYSFVSG,-6.597
2WQGA,D15A,GSADYSSLTVVQLKDLLTKRNLSVGGLKNEWVQRLIKDDEESKGESEVSPQ,D15A,GSADYSSLTVVQLKALLTKRNLSVGGLKNEWVQRLIKDDEESKGESEVSPQ,0.3
2WQGA,D38A,GSADYSSLTVVQLKDLLTKRNLSVGGLKNEWVQRLIKDDEESKGESEVSPQ,D38A,GSADYSSLTVVQLKDLLTKRNLSVGGLKNEWVQRLIKADEESKGESEVSPQ,0.1
2WQGA,D39A,GSADYSSLTVVQLKDLLTKRNLSVGGLKNEWVQRLIKDDEESKGESEVSPQ,D39A,GSADYSSLTVVQLKDLLTKRNLSVGGLKNEWVQRLIKDAEESKGESEVSPQ,-2.2
2WQGA,D39N,GSADYSSLTVVQLKDLLTKRNLSVGGLKNEWVQRLIKDDEESKGESEVSPQ,D39N,GSADYSSLTVVQLKDLLTKRNLSVGGLKNEWVQRLIKDNEESKGESEVSPQ,-2.6
2WQGA,E40Q,GSADYSSLTVVQLKDLLTKRNLSVGGLKNEWVQRLIKDDEESKGESEVSPQ,E40Q,GSADYSSLTVVQLKDLLTKRNLSVGGLKNEWVQRLIKDDQESKGESEVSPQ,-0.1
2WQGA,E41G,GSADYSSLTVVQLKDLLTKRNLSVGGLKNEWVQRLIKDDEESKGESEVSPQ,E41G,GSADYSSLTVVQLKDLLTKRNLSVGGLKNEWVQRLIKDDEGSKGESEVSPQ,-0.4
2WQGA,I36A,GSADYSSLTVVQLKDLLTKRNLSVGGLKNEWVQRLIKDDEESKGESEVSPQ,I36A,GSADYSSLTVVQLKDLLTKRNLSVGGLKNEWVQRLAKDDEESKGESEVSPQ,-0.9
2WQGA,I36V,GSADYSSLTVVQLKDLLTKRNLSVGGLKNEWVQRLIKDDEESKGESEVSPQ,I36V,GSADYSSLTVVQLKDLLTKRNLSVGGLKNEWVQRLVKDDEESKGESEVSPQ,-0.3
2WQGA,K14A,GSADYSSLTVVQLKDLLTKRNLSVGGLKNEWVQRLIKDDEESKGESEVSPQ,K14A,GSADYSSLTVVQLADLLTKRNLSVGGLKNEWVQRLIKDDEESKGESEVSPQ,-0.4
2WQGA,K14G,GSADYSSLTVVQLKDLLTKRNLSVGGLKNEWVQRLIKDDEESKGESEVSPQ,K14G,GSADYSSLTVVQLGDLLTKRNLSVGGLKNEWVQRLIKDDEESKGESEVSPQ,-1.9
2WQGA,K19A,GSADYSSLTVVQLKDLLTKRNLSVGGLKNEWVQRLIKDDEESKGESEVSPQ,K19A,GSADYSSLTVVQLKDLLTARNLSVGGLKNEWVQRLIKDDEESKGESEVSPQ,-0.3
2WQGA,K28A,GSADYSSLTVVQLKDLLTKRNLSVGGLKNEWVQRLIKDDEESKGESEVSPQ,K28A,GSADYSSLTVVQLKDLLTKRNLSVGGLANEWVQRLIKDDEESKGESEVSPQ,-0.6
2WQGA,L13A,GSADYSSLTVVQLKDLLTKRNLSVGGLKNEWVQRLIKDDEESKGESEVSPQ,L13A,GSADYSSLTVVQAKDLLTKRNLSVGGLKNEWVQRLIKDDEESKGESEVSPQ,-0.5
2WQGA,L16A,GSADYSSLTVVQLKDLLTKRNLSVGGLKNEWVQRLIKDDEESKGESEVSPQ,L16A,GSADYSSLTVVQLKDALTKRNLSVGGLKNEWVQRLIKDDEESKGESEVSPQ,-1.3
2WQGA,L8A,GSADYSSLTVVQLKDLLTKRNLSVGGLKNEWVQRLIKDDEESKGESEVSPQ,L8A,GSADYSSATVVQLKDLLTKRNLSVGGLKNEWVQRLIKDDEESKGESEVSPQ,-2.0
2WQGA,Q12A,GSADYSSLTVVQLKDLLTKRNLSVGGLKNEWVQRLIKDDEESKGESEVSPQ,Q12A,GSADYSSLTVVALKDLLTKRNLSVGGLKNEWVQRLIKDDEESKGESEVSPQ,-0.6
2WQGA,Q12G,GSADYSSLTVVQLKDLLTKRNLSVGGLKNEWVQRLIKDDEESKGESEVSPQ,Q12G,GSADYSSLTVVGLKDLLTKRNLSVGGLKNEWVQRLIKDDEESKGESEVSPQ,-2.0
2WQGA,Q33A,GSADYSSLTVVQLKDLLTKRNLSVGGLKNEWVQRLIKDDEESKGESEVSPQ,Q33A,GSADYSSLTVVQLKDLLTKRNLSVGGLKNEWVARLIKDDEESKGESEVSPQ,0.1
2WQGA,R34A,GSADYSSLTVVQLKDLLTKRNLSVGGLKNEWVQRLIKDDEESKGESEVSPQ,R34A,GSADYSSLTVVQLKDLLTKRNLSVGGLKNEWVQALIKDDEESKGESEVSPQ,-0.8
2WQGA,S23A,GSADYSSLTVVQLKDLLTKRNLSVGGLKNEWVQRLIKDDEESKGESEVSPQ,S23A,GSADYSSLTVVQLKDLLTKRNLAVGGLKNEWVQRLIKDDEESKGESEVSPQ,-0.6
2WQGA,S6A,GSADYSSLTVVQLKDLLTKRNLSVGGLKNEWVQRLIKDDEESKGESEVSPQ,S6A,GSADYASLTVVQLKDLLTKRNLSVGGLKNEWVQRLIKDDEESKGESEVSPQ,0.1
2WQGA,S6G,GSADYSSLTVVQLKDLLTKRNLSVGGLKNEWVQRLIKDDEESKGESEVSPQ,S6G,GSADYGSLTVVQLKDLLTKRNLSVGGLKNEWVQRLIKDDEESKGESEVSPQ,-0.2
2WQGA,T9S,GSADYSSLTVVQLKDLLTKRNLSVGGLKNEWVQRLIKDDEESKGESEVSPQ,T9S,GSADYSSLSVVQLKDLLTKRNLSVGGLKNEWVQRLIKDDEESKGESEVSPQ,0.1
2WQGA,V10A,GSADYSSLTVVQLKDLLTKRNLSVGGLKNEWVQRLIKDDEESKGESEVSPQ,V10A,GSADYSSLTAVQLKDLLTKRNLSVGGLKNEWVQRLIKDDEESKGESEVSPQ,-0.1
2WQGA,V10G,GSADYSSLTVVQLKDLLTKRNLSVGGLKNEWVQRLIKDDEESKGESEVSPQ,V10G,GSADYSSLTGVQLKDLLTKRNLSVGGLKNEWVQRLIKDDEESKGESEVSPQ,-0.7
2WQGA,V11A,GSADYSSLTVVQLKDLLTKRNLSVGGLKNEWVQRLIKDDEESKGESEVSPQ,V11A,GSADYSSLTVAQLKDLLTKRNLSVGGLKNEWVQRLIKDDEESKGESEVSPQ,0.4
2WQGA,V11G,GSADYSSLTVVQLKDLLTKRNLSVGGLKNEWVQRLIKDDEESKGESEVSPQ,V11G,GSADYSSLTVGQLKDLLTKRNLSVGGLKNEWVQRLIKDDEESKGESEVSPQ,0.1
2WQGA,V24A,GSADYSSLTVVQLKDLLTKRNLSVGGLKNEWVQRLIKDDEESKGESEVSPQ,V24A,GSADYSSLTVVQLKDLLTKRNLSAGGLKNEWVQRLIKDDEESKGESEVSPQ,-0.5
2WQGA,Y5F,GSADYSSLTVVQLKDLLTKRNLSVGGLKNEWVQRLIKDDEESKGESEVSPQ,Y5F,GSADFSSLTVVQLKDLLTKRNLSVGGLKNEWVQRLIKDDEESKGESEVSPQ,-2.4
2ZTAA,E11Q,XRMKQLEDKVEELLSKNYHLENEVARLKKLVGER,E11Q,XRMKQLEDKVQELLSKNYHLENEVARLKKLVGER,-0.74
2ZTAA,K28A,XRMKQLEDKVEELLSKNYHLENEVARLKKLVGER,K28A,XRMKQLEDKVEELLSKNYHLENEVARLAKLVGER,-0.06
3DV0I,A13G,MAQMTMVQAITDALRIELKNDPNVLIFGEDVGVNGGVFRATEGLQAEFGEDRVFDTPLAESGIGGLAIGLALQGFRPVPEIQFFGFVYEVMDSICGQMARIRYRTGGRYHMPITIRSPFGGGVHTPELHSDSLEGLVAQQPGLKVVIPSTPYDAKGLLISAIRDNDPVIFLEHLKLYRSFRQEVPEGEYTIPIGKADIKREGKDITIIAYGAMVHESLKAAAELEKEGISAEVVDLRTVQPLDIETIIGSVEKTGRAIVVQEAQRQAGIAANVVAEINERAILSLEAPVLRVAAPDTVYPFAQAESVWLPNFKDVIETAKKVMNF,A13G,MAQMTMVQAITDGLRIELKNDPNVLIFGEDVGVNGGVFRATEGLQAEFGEDRVFDTPLAESGIGGLAIGLALQGFRPVPEIQFFGFVYEVMDSICGQMARIRYRTGGRYHMPITIRSPFGGGVHTPELHSDSLEGLVAQQPGLKVVIPSTPYDAKGLLISAIRDNDPVIFLEHLKLYRSFRQEVPEGEYTIPIGKADIKREGKDITIIAYGAMVHESLKAAAELEKEGISAEVVDLRTVQPLDIETIIGSVEKTGRAIVVQEAQRQAGIAANVVAEINERAILSLEAPVLRVAAPDTVYPFAQAESVWLPNFKDVIETAKKVMNF,-2.3
3ECUA,H46R,ATKAVCVLKGDGPVQGIINFEQKESNGPVKVWGSIKGLTEGLHGFHVHEFGDNTAGCTSAGPHFNPLSRKHGGPKDEERHVGDLGNVTADKDGVADVSIEDSVISLSGDHCIIGRTLVVHEKADDLGKGGNEESTKTGNAGSRLACGVIGIAQ,H46R,ATKAVCVLKGDGPVQGIINFEQKESNGPVKVWGSIKGLTEGLHGFRVHEFGDNTAGCTSAGPHFNPLSRKHGGPKDEERHVGDLGNVTADKDGVADVSIEDSVISLSGDHCIIGRTLVVHEKADDLGKGGNEESTKTGNAGSRLACGVIGIAQ,0.8
3G1GA,D5Y,GPWADIMQGPSESFVDFANRLIKAVEGSDLPPSARAPVIIDCFRQKSQPDIQQLIRTAPSTLTTPGEIIKYVLDRQKTAPLTDQGIA,D5Y,GPWAYIMQGPSESFVDFANRLIKAVEGSDLPPSARAPVIIDCFRQKSQPDIQQLIRTAPSTLTTPGEIIKYVLDRQKTAPLTDQGIA,0.34
3G1GA,F17Y,GPWADIMQGPSESFVDFANRLIKAVEGSDLPPSARAPVIIDCFRQKSQPDIQQLIRTAPSTLTTPGEIIKYVLDRQKTAPLTDQGIA,F17Y,GPWADIMQGPSESFVDYANRLIKAVEGSDLPPSARAPVIIDCFRQKSQPDIQQLIRTAPSTLTTPGEIIKYVLDRQKTAPLTDQGIA,-0.74
3G1GA,I40V,GPWADIMQGPSESFVDFANRLIKAVEGSDLPPSARAPVIIDCFRQKSQPDIQQLIRTAPSTLTTPGEIIKYVLDRQKTAPLTDQGIA,I40V,GPWADIMQGPSESFVDFANRLIKAVEGSDLPPSARAPVIVDCFRQKSQPDIQQLIRTAPSTLTTPGEIIKYVLDRQKTAPLTDQGIA,-0.17
3G1GA,R35W,GPWADIMQGPSESFVDFANRLIKAVEGSDLPPSARAPVIIDCFRQKSQPDIQQLIRTAPSTLTTPGEIIKYVLDRQKTAPLTDQGIA,R35W,GPWADIMQGPSESFVDFANRLIKAVEGSDLPPSAWAPVIIDCFRQKSQPDIQQLIRTAPSTLTTPGEIIKYVLDRQKTAPLTDQGIA,1.32
3MONB,R39G,GEWEIIDIGPFTQNLGKFAVDEENKIGQYGRLTFNKVIRPCMKKTIYENE,R39G,GEWEIIDIGPFTQNLGKFAVDEENKIGQYGRLTFNKVIGPCMKKTIYENE,1.194
3MONB,W3C,GEWEIIDIGPFTQNLGKFAVDEENKIGQYGRLTFNKVIRPCMKKTIYENE,W3C,GECEIIDIGPFTQNLGKFAVDEENKIGQYGRLTFNKVIRPCMKKTIYENE,-2.866
3O39A,Q72L,MGSSHHHHHHGSFKDLNLTDAQKQQIREIMKGQRDQMKRPPLEERRAMHDIIASDTFDKAKAEAQIAKMEEQRKANMLAHMETQNKIYNILTPEQKKQFNANFEKRLT,Q72L,MGSSHHHHHHGSFKDLNLTDAQKQQIREIMKGQRDQMKRPPLEERRAMHDIIASDTFDKAKAEAQIAKMEELRKANMLAHMETQNKIYNILTPEQKKQFNANFEKRLT,-2.0
3S4MA,D34Y,GTLGHPGSLDETTYERLAEETLDSLAEFFEDLADKPYTFEDYDVSFGSGVLTVKLGGDLGTYVINKQTPNKQIWLSSPSSGPKRYDWTGKNWVYSHDGVSLHELLAAELTKALKTKLDLSSLAYSGKDA,D34Y,GTLGHPGSLDETTYERLAEETLDSLAEFFEDLAYKPYTFEDYDVSFGSGVLTVKLGGDLGTYVINKQTPNKQIWLSSPSSGPKRYDWTGKNWVYSHDGVSLHELLAAELTKALKTKLDLSSLAYSGKDA,-1.3
4BUQA,Y137A,FACKTANGTAIPIGGGSANVYVNLAPVVNVGQNLVVDLSTQIFCHNDYPETITDYVTLQRGSAYGGVLSNFSGTVKYSGSSYPFPTTSETPRVVYNSRTDKPWPVALYLTPVSSAGGVAIKAGSLIAVLILRQTNNYNSDDFQFVWNIYANNDVVVPT,Y137A,FACKTANGTAIPIGGGSANVYVNLAPVVNVGQNLVVDLSTQIFCHNDYPETITDYVTLQRGSAYGGVLSNFSGTVKYSGSSYPFPTTSETPRVVYNSRTDKPWPVALYLTPVSSAGGVAIKAGSLIAVLILRQTNNANSDDFQFVWNIYANNDVVVPT,0.89
4BUQA,Y48A,FACKTANGTAIPIGGGSANVYVNLAPVVNVGQNLVVDLSTQIFCHNDYPETITDYVTLQRGSAYGGVLSNFSGTVKYSGSSYPFPTTSETPRVVYNSRTDKPWPVALYLTPVSSAGGVAIKAGSLIAVLILRQTNNYNSDDFQFVWNIYANNDVVVPT,Y48A,FACKTANGTAIPIGGGSANVYVNLAPVVNVGQNLVVDLSTQIFCHNDAPETITDYVTLQRGSAYGGVLSNFSGTVKYSGSSYPFPTTSETPRVVYNSRTDKPWPVALYLTPVSSAGGVAIKAGSLIAVLILRQTNNYNSDDFQFVWNIYANNDVVVPT,-1.435
4HE7A,A19D,QDKCKKVYENYPVSKCQLANQCNYDCKLDKHARSGECFYDEKRNLQCICDYCEY,A19D,QDKCKKVYENYPVSKCQLDNQCNYDCKLDKHARSGECFYDEKRNLQCICDYCEY,-0.24
4HE7A,A19G,QDKCKKVYENYPVSKCQLANQCNYDCKLDKHARSGECFYDEKRNLQCICDYCEY,A19G,QDKCKKVYENYPVSKCQLGNQCNYDCKLDKHARSGECFYDEKRNLQCICDYCEY,0.06
4HE7A,A19K,QDKCKKVYENYPVSKCQLANQCNYDCKLDKHARSGECFYDEKRNLQCICDYCEY,A19K,QDKCKKVYENYPVSKCQLKNQCNYDCKLDKHARSGECFYDEKRNLQCICDYCEY,-0.46
4N6V0,H68W,ATQPATAETQHIADQVRSQLEEKENKKFPVFKAVSFKSQVVAGTNYFIKVHVGDEDFVHLRVFQSLPHENKPLTLSNYQTNKAKHDELTYF,H68W,ATQPATAETQHIADQVRSQLEEKENKKFPVFKAVSFKSQVVAGTNYFIKVHVGDEDFVHLRVFQSLPWENKPLTLSNYQTNKAKHDELTYF,0.574
4N6V0,P29G,ATQPATAETQHIADQVRSQLEEKENKKFPVFKAVSFKSQVVAGTNYFIKVHVGDEDFVHLRVFQSLPHENKPLTLSNYQTNKAKHDELTYF,P29G,ATQPATAETQHIADQVRSQLEEKENKKFGVFKAVSFKSQVVAGTNYFIKVHVGDEDFVHLRVFQSLPHENKPLTLSNYQTNKAKHDELTYF,-1.362
4N6V0,P72S,ATQPATAETQHIADQVRSQLEEKENKKFPVFKAVSFKSQVVAGTNYFIKVHVGDEDFVHLRVFQSLPHENKPLTLSNYQTNKAKHDELTYF,P72S,ATQPATAETQHIADQVRSQLEEKENKKFPVFKAVSFKSQVVAGTNYFIKVHVGDEDFVHLRVFQSLPHENKSLTLSNYQTNKAKHDELTYF,1.745
4WAAA,K57A,GSPPAGLNEEWVELGSPSEKTFKQRRTFEQRVEDVRLIREQHPTKIPVIIERYKGEKQLPVLDKTKFLVPDHVNMSELIKIIRRRLQLNANQAFFLLVNGHSMVSVSTPISEVYESEKDEDGFLYMVYASQETF,K57A,GSPPAGLNEEWVELGSPSEKTFKQRRTFEQRVEDVRLIREQHPTKIPVIIERYKGEAQLPVLDKTKFLVPDHVNMSELIKIIRRRLQLNANQAFFLLVNGHSMVSVSTPISEVYESEKDEDGFLYMVYASQETF,0.1
5VP3A,R39K,MPLDETNNESYRYLRSVGNTWKFNVEDVHPKMLERLYKRFDTFDLDTDGKMTMDEIMYWPDRMRQLVNATDEQVEKMRAAVHTFFFHKGVDPVNGLKREDWVEANRVFAEAERERERRGEPSLIALLSNAYYDVLDDDGDGTVDVEELKTMMKAFDVPQEAAYTFFQKADTDKTGKLERPELVHLFRKFWMEPYDPQWDGVYAYKY,R39K,MPLDETNNESYRYLRSVGNTWKFNVEDVHPKMLERLYKKFDTFDLDTDGKMTMDEIMYWPDRMRQLVNATDEQVEKMRAAVHTFFFHKGVDPVNGLKREDWVEANRVFAEAERERERRGEPSLIALLSNAYYDVLDDDGDGTVDVEELKTMMKAFDVPQEAAYTFFQKADTDKTGKLERPELVHLFRKFWMEPYDPQWDGVYAYKY,0.413
5VP3A,S128G,MPLDETNNESYRYLRSVGNTWKFNVEDVHPKMLERLYKRFDTFDLDTDGKMTMDEIMYWPDRMRQLVNATDEQVEKMRAAVHTFFFHKGVDPVNGLKREDWVEANRVFAEAERERERRGEPSLIALLSNAYYDVLDDDGDGTVDVEELKTMMKAFDVPQEAAYTFFQKADTDKTGKLERPELVHLFRKFWMEPYDPQWDGVYAYKY,S128G,MPLDETNNESYRYLRSVGNTWKFNVEDVHPKMLERLYKRFDTFDLDTDGKMTMDEIMYWPDRMRQLVNATDEQVEKMRAAVHTFFFHKGVDPVNGLKREDWVEANRVFAEAERERERRGEPSLIALLGNAYYDVLDDDGDGTVDVEELKTMMKAFDVPQEAAYTFFQKADTDKTGKLERPELVHLFRKFWMEPYDPQWDGVYAYKY,-0.378
5VP3A,V183T,MPLDETNNESYRYLRSVGNTWKFNVEDVHPKMLERLYKRFDTFDLDTDGKMTMDEIMYWPDRMRQLVNATDEQVEKMRAAVHTFFFHKGVDPVNGLKREDWVEANRVFAEAERERERRGEPSLIALLSNAYYDVLDDDGDGTVDVEELKTMMKAFDVPQEAAYTFFQKADTDKTGKLERPELVHLFRKFWMEPYDPQWDGVYAYKY,V183T,MPLDETNNESYRYLRSVGNTWKFNVEDVHPKMLERLYKRFDTFDLDTDGKMTMDEIMYWPDRMRQLVNATDEQVEKMRAAVHTFFFHKGVDPVNGLKREDWVEANRVFAEAERERERRGEPSLIALLSNAYYDVLDDDGDGTVDVEELKTMMKAFDVPQEAAYTFFQKADTDKTGKLERPELTHLFRKFWMEPYDPQWDGVYAYKY,0.354
