ID,CLUID,PDB,CHAIN,MUT,DDG,pH,T,DIR/INV
1,1AMQA,1AMQ,A,C191Y,-2.30,7.50,25.00,DIR
1,1AMQA,1QIR,A,Y191C,2.30,7.50,25.00,INV
2,1AMQA,1AMQ,A,C191F,-1.60,7.50,25.00,DIR
2,1AMQA,1QIS,A,F191C,1.60,7.50,25.00,INV
3,1AMQA,1AMQ,A,C191W,-3.90,7.50,25.00,DIR
3,1AMQA,1QIT,A,W191C,3.90,7.50,25.00,INV
4,1AMQA,1AMQ,A,C191S,-1.90,7.50,25.00,DIR
4,1AMQA,5EAA,A,S191C,1.90,7.50,25.00,INV
5,1BNIA,1BNI,A,F7L,-4.10,6.20,25.00,DIR
5,1BNIA,1BRG,A,L7F,4.10,6.20,25.00,INV
6,1BNIA,1BNI,A,L14A,-4.50,6.30,25.00,DIR
6,1BNIA,1BRH,A,A14L,4.50,6.30,25.00,INV
7,1BNIA,1BNI,A,T26A,-1.70,6.30,25.00,DIR
7,1BNIA,1BNS,A,A26T,1.70,6.30,25.00,INV
8,1BNIA,1BNI,A,I51V,-1.10,6.30,25.00,DIR
8,1BNIA,1BSA,A,V51I,1.10,6.30,25.00,INV
9,1BNIA,1BNI,A,I76A,-1.70,6.30,25.00,DIR
9,1BNIA,1BRI,A,A76I,1.70,6.30,25.00,INV
10,1BNIA,1BNI,A,I76V,-1.00,6.30,25.00,DIR
10,1BNIA,1BSB,A,V76I,1.00,6.30,25.00,INV
11,1BNIA,1BNI,A,Y78F,-1.10,6.30,25.00,DIR
11,1BNIA,1BAO,A,F78Y,1.10,6.30,25.00,INV
12,1BNIA,1BNI,A,I88A,-4.00,6.30,25.00,DIR
12,1BNIA,1BRJ,A,A88I,4.00,6.30,25.00,INV
13,1BNIA,1BNI,A,I88V,-1.60,6.30,25.00,DIR
13,1BNIA,1BSC,A,V88I,1.60,6.30,25.00,INV
14,1BNIA,1BNI,A,L89V,-0.50,6.30,25.00,DIR
14,1BNIA,1BSE,A,V89L,0.50,6.30,25.00,INV
15,1BNIA,1BNI,A,S91A,-1.80,6.30,25.00,DIR
15,1BNIA,1BAN,A,A91S,1.80,6.30,25.00,INV
16,1BNIA,1BNI,A,I96A,-3.20,6.30,25.00,DIR
16,1BNIA,1BRK,A,A96I,3.20,6.30,25.00,INV
17,1BNIA,1BNI,A,I96V,-0.90,6.30,25.00,DIR
17,1BNIA,1BSD,A,V96I,0.90,6.30,25.00,INV
18,1CEYA,1CEY,A,D12A,2.50,7.00,25.00,DIR
18,1CEYA,1E6K,A,A12D,-2.50,7.00,25.00,INV
19,1CEYA,1CEY,A,D13A,2.70,7.00,25.00,DIR
19,1CEYA,1E6L,A,A13D,-2.70,7.00,25.00,INV
20,1CEYA,1CEY,A,D57A,3.30,7.00,25.00,DIR
20,1CEYA,1E6M,A,A57D,-3.30,7.00,25.00,INV
21,1EY0A,1EY0,A,T22C,-0.90,7.00,20.00,DIR
21,1EY0A,2EXZ,A,C22T,0.90,7.00,20.00,INV
22,1EY0A,1EY0,A,T22V,-0.90,7.00,20.00,DIR
22,1EY0A,2EY1,A,V22T,0.90,7.00,20.00,INV
23,1EY0A,1EY0,A,V23L,-0.10,7.00,20.00,DIR
23,1EY0A,2F0E,A,L23V,0.10,7.00,20.00,INV
24,1EY0A,1EY0,A,L25I,-1.70,7.00,20.00,DIR
24,1EY0A,2F0F,A,I25L,1.70,7.00,20.00,INV
25,1EY0A,1EY0,A,T33V,0.40,7.00,20.00,DIR
25,1EY0A,1EY5,A,V33T,-0.40,7.00,20.00,INV
26,1EY0A,1EY0,A,T41C,0.60,7.00,20.00,DIR
26,1EY0A,2EY2,A,C41T,-0.60,7.00,20.00,INV
27,1EY0A,1EY0,A,T41I,0.70,7.00,20.00,DIR
27,1EY0A,1EY6,A,I41T,-0.70,7.00,20.00,INV
28,1EY0A,1EY0,A,T41S,-1.10,7.00,20.00,DIR
28,1EY0A,2EY5,A,S41T,1.10,7.00,20.00,INV
29,1EY0A,1EY0,A,T41V,0.80,7.00,20.00,DIR
29,1EY0A,2EY6,A,V41T,-0.80,7.00,20.00,INV
30,1EY0A,1EY0,A,T44V,0.10,7.00,20.00,DIR
30,1EY0A,2EYF,A,V44T,-0.10,7.00,20.00,INV
31,1EY0A,1EY0,A,S59A,0.50,7.00,20.00,DIR
31,1EY0A,1EY4,A,A59S,-0.50,7.00,20.00,INV
32,1EY0A,1EY0,A,T62S,-2.10,7.00,20.00,DIR
32,1EY0A,2EYH,A,S62T,2.10,7.00,20.00,INV
33,1EY0A,1EY0,A,T62V,-0.20,7.00,20.00,DIR
33,1EY0A,2EYJ,A,V62T,0.20,7.00,20.00,INV
34,1EY0A,1EY0,A,V66I,-1.00,7.00,20.00,DIR
34,1EY0A,2F0G,A,I66V,1.00,7.00,20.00,INV
35,1EY0A,1EY0,A,V66L,-0.30,7.00,20.00,DIR
35,1EY0A,2F0H,A,L66V,0.30,7.00,20.00,INV
36,1EY0A,1EY0,A,V66K,-7.50,7.00,20.00,DIR
36,1EY0A,2SNM,A,K66V,7.50,7.00,20.00,INV
37,1EY0A,1EY0,A,I72L,-0.20,7.00,20.00,DIR
37,1EY0A,2F0I,A,L72I,0.20,7.00,20.00,INV
38,1EY0A,1EY0,A,I72V,-1.20,7.00,20.00,DIR
38,1EY0A,2F0J,A,V72I,1.20,7.00,20.00,INV
39,1EY0A,1EY0,A,T82S,-0.70,7.00,20.00,DIR
39,1EY0A,2EYL,A,S82T,0.70,7.00,20.00,INV
40,1EY0A,1EY0,A,I92V,-0.40,7.00,20.00,DIR
40,1EY0A,2F0D,A,V92I,0.40,7.00,20.00,INV
41,1EY0A,1EY0,A,K116G,1.00,7.00,20.00,DIR
41,1EY0A,1KAB,A,G116K,-1.00,7.00,20.00,INV
42,1EY0A,1EY0,A,P117A,0.80,7.00,20.00,DIR
42,1EY0A,1SYG,A,A117P,-0.80,7.00,20.00,INV
43,1EY0A,1EY0,A,P117G,0.90,7.00,20.00,DIR
43,1EY0A,1SYC,A,G117P,-0.90,7.00,20.00,INV
44,1EY0A,1EY0,A,P117T,1.10,7.00,0.00,DIR
44,1EY0A,1SYE,A,T117P,-1.10,7.00,0.00,INV
45,1EY0A,1EY0,A,T120C,-1.70,7.00,20.00,DIR
45,1EY0A,2EYM,A,C120T,1.70,7.00,20.00,INV
46,1EY0A,1EY0,A,T120S,-0.60,7.00,20.00,DIR
46,1EY0A,2EYO,A,S120T,0.60,7.00,20.00,INV
47,1EY0A,1EY0,A,T120V,-1.80,7.00,20.00,DIR
47,1EY0A,2EYP,A,V120T,1.80,7.00,20.00,INV
48,1EY0A,1EY0,A,S128A,0.70,7.00,20.00,DIR
48,1EY0A,1EY7,A,A128S,-0.70,7.00,20.00,INV
49,1A5EA,1IHB,A,F71N,0.70,7.50,23.00,DIR
49,1A5EA,1MX2,A,N71F,-0.70,7.50,23.00,INV
50,1A5EA,1IHB,A,F82Q,-0.40,7.50,23.00,DIR
50,1A5EA,1MX4,A,Q82F,0.40,7.50,23.00,INV
51,1A5EA,1IHB,A,F92N,-1.10,7.50,23.00,DIR
51,1A5EA,1MX6,A,N92F,1.10,7.50,23.00,INV
52,1IOBA,1IOB,A,T9G,-2.60,6.50,25.00,DIR
52,1IOBA,1HIB,A,G9T,2.60,6.50,25.00,INV
53,2LZMA,1L63,A,M6A,-1.90,3.00,44.00,DIR
53,2LZMA,245L,A,A6M,1.90,3.00,44.00,INV
54,2LZMA,1L63,A,M6L,-2.80,3.00,44.00,DIR
54,2LZMA,230L,A,L6M,2.80,3.00,44.00,INV
55,2LZMA,1L63,A,E11H,0.10,5.40,65.00,DIR
55,2LZMA,1QT6,A,H11E,-0.10,5.40,65.00,INV
56,2LZMA,1L63,A,E11N,-0.10,5.40,65.00,DIR
56,2LZMA,1QT7,A,N11E,0.10,5.40,65.00,INV
57,2LZMA,1L63,A,I17A,-2.70,3.00,44.00,DIR
57,2LZMA,239L,A,A17I,2.70,3.00,44.00,INV
58,2LZMA,1L63,A,D20A,-0.30,5.40,65.00,DIR
58,2LZMA,253L,A,A20D,0.30,5.40,65.00,INV
59,2LZMA,1L63,A,D20N,1.30,5.40,65.00,DIR
59,2LZMA,255L,A,N20D,-1.30,5.40,65.00,INV
60,2LZMA,1L63,A,D20S,0.70,5.40,65.00,DIR
60,2LZMA,254L,A,S20D,-0.70,5.40,65.00,INV
61,2LZMA,1L63,A,I27A,-3.10,3.00,44.00,DIR
61,2LZMA,240L,A,A27I,3.10,3.00,44.00,INV
62,2LZMA,1L63,A,I27M,-3.10,5.40,65.00,DIR
62,2LZMA,1D2W,A,M27I,3.10,5.40,65.00,INV
63,2LZMA,1L63,A,I29A,-2.60,3.00,44.00,DIR
63,2LZMA,241L,A,A29I,2.60,3.00,44.00,INV
64,2LZMA,1L63,A,S38N,-0.01,6.70,62.00,DIR
64,2LZMA,1L61,A,N38S,0.01,6.70,62.00,INV
65,2LZMA,1L63,A,A41S,-0.60,3.00,52.00,DIR
65,2LZMA,120L,A,S41A,0.60,3.00,52.00,INV
66,2LZMA,1L63,A,A42V,-2.70,3.00,40.00,DIR
66,2LZMA,1QTB,A,V42A,2.70,3.00,40.00,INV
67,2LZMA,1L63,A,A42S,-2.30,3.00,52.00,DIR
67,2LZMA,206L,A,S42A,2.30,3.00,52.00,INV
68,2LZMA,1L63,A,K43A,-1.00,6.70,62.00,DIR
68,2LZMA,1L66,A,A43K,1.00,6.70,62.00,INV
69,2LZMA,1L63,A,S44A,0.30,6.70,62.00,DIR
69,2LZMA,1L68,A,A44S,-0.30,6.70,62.00,INV
70,2LZMA,1L63,A,S44I,0.30,3.00,52.00,DIR
70,2LZMA,108L,A,I44S,-0.30,3.00,52.00,INV
71,2LZMA,1L63,A,S44L,0.40,3.00,52.00,DIR
71,2LZMA,110L,A,L44S,-0.40,3.00,52.00,INV
72,2LZMA,1L63,A,S44K,0.20,3.00,52.00,DIR
72,2LZMA,109L,A,K44S,-0.20,3.00,52.00,INV
73,2LZMA,1L63,A,S44E,0.00,3.00,52.00,DIR
73,2LZMA,217L,A,E44S,0.00,3.00,52.00,INV
74,2LZMA,1L63,A,S44G,-0.50,3.00,52.00,DIR
74,2LZMA,107L,A,G44S,0.50,3.00,52.00,INV
75,2LZMA,1L63,A,S44R,0.20,3.00,52.00,DIR
75,2LZMA,113L,A,R44S,-0.20,3.00,52.00,INV
76,2LZMA,1L63,A,S44N,-0.10,3.00,52.00,DIR
76,2LZMA,111L,A,N44S,0.10,3.00,52.00,INV
77,2LZMA,1L63,A,S44F,0.10,3.00,52.00,DIR
77,2LZMA,137L,A,F44S,-0.10,3.00,52.00,INV
78,2LZMA,1L63,A,S44P,-3.00,3.00,52.00,DIR
78,2LZMA,112L,A,P44S,3.00,3.00,52.00,INV
79,2LZMA,1L63,A,S44T,0.01,3.00,52.00,DIR
79,2LZMA,114L,A,T44S,-0.01,3.00,52.00,INV
80,2LZMA,1L63,A,S44V,0.10,3.00,52.00,DIR
80,2LZMA,115L,A,V44S,-0.10,3.00,52.00,INV
81,2LZMA,1L63,A,L46A,-1.90,6.70,62.00,DIR
81,2LZMA,1L67,A,A46L,1.90,6.70,62.00,INV
82,2LZMA,1L63,A,D47A,-1.00,6.70,62.00,DIR
82,2LZMA,1L65,A,A47D,1.00,6.70,62.00,INV
83,2LZMA,1L63,A,A49S,-0.50,3.00,52.00,DIR
83,2LZMA,221L,A,S49A,0.50,3.00,52.00,INV
84,2LZMA,1L63,A,I50A,-2.00,3.00,44.00,DIR
84,2LZMA,242L,A,A50I,2.00,3.00,44.00,INV
85,2LZMA,1L63,A,I50M,-0.40,5.40,65.00,DIR
85,2LZMA,1D2Y,A,M50I,0.40,5.40,65.00,INV
86,2LZMA,1L63,A,I58A,-3.20,3.00,44.00,DIR
86,2LZMA,243L,A,A58I,3.20,3.00,44.00,INV
87,2LZMA,1L63,A,I58T,-3.40,5.40,65.00,DIR
87,2LZMA,1G1V,A,T58I,3.40,5.40,65.00,INV
88,2LZMA,1L63,A,T59A,-1.50,6.50,63.00,DIR
88,2LZMA,1LYJ,A,A59T,1.50,6.50,63.00,INV
89,2LZMA,1L63,A,T59D,-1.20,6.50,63.00,DIR
89,2LZMA,1LYI,A,D59T,1.20,6.50,63.00,INV
90,2LZMA,1L63,A,T59G,-1.60,6.50,63.00,DIR
90,2LZMA,1LYH,A,G59T,1.60,6.50,63.00,INV
91,2LZMA,1L63,A,T59N,-1.10,6.50,63.00,DIR
91,2LZMA,1LYG,A,N59T,1.10,6.50,63.00,INV
92,2LZMA,1L63,A,T59S,-0.20,6.50,63.00,DIR
92,2LZMA,1LYF,A,S59T,0.20,6.50,63.00,INV
93,2LZMA,1L63,A,T59V,-1.50,6.50,63.00,DIR
93,2LZMA,1LYE,A,V59T,1.50,6.50,63.00,INV
94,2LZMA,1L63,A,L66M,-1.00,5.40,65.00,DIR
94,2LZMA,1D3J,A,M66L,1.00,5.40,65.00,INV
95,2LZMA,1L63,A,F67A,-1.90,3.00,44.00,DIR
95,2LZMA,246L,A,A67F,1.90,3.00,44.00,INV
96,2LZMA,1L63,A,D72P,-2.70,6.50,63.00,DIR
96,2LZMA,1L76,A,P72D,2.70,6.50,63.00,INV
97,2LZMA,1L63,A,A73S,-0.40,3.00,52.00,DIR
97,2LZMA,122L,A,S73A,0.40,3.00,52.00,INV
98,2LZMA,1L63,A,V75T,-1.30,3.00,52.00,DIR
98,2LZMA,127L,A,T75V,1.30,3.00,52.00,INV
99,2LZMA,1L63,A,I78A,-1.20,5.40,65.00,DIR
99,2LZMA,1CTW,A,A78I,1.20,5.40,65.00,INV
100,2LZMA,1L63,A,I78M,-1.50,5.40,65.00,DIR
100,2LZMA,1CU0,A,M78I,1.50,5.40,65.00,INV
101,2LZMA,1L63,A,I78V,-0.80,5.40,61.00,DIR
101,2LZMA,1P2R,A,V78I,0.80,5.40,61.00,INV
102,2LZMA,1L63,A,A82S,-0.30,3.00,52.00,DIR
102,2LZMA,123L,A,S82A,0.30,3.00,52.00,INV
103,2LZMA,1L63,A,L84A,-2.60,3.00,44.00,DIR
103,2LZMA,247L,A,A84L,2.60,3.00,44.00,INV
104,2LZMA,1L63,A,L84M,-1.90,5.40,65.00,DIR
104,2LZMA,1CU2,A,M84L,1.90,5.40,65.00,INV
105,2LZMA,1L63,A,V87A,-1.70,3.00,44.00,DIR
105,2LZMA,236L,A,A87V,1.70,3.00,44.00,INV
106,2LZMA,1L63,A,V87M,-2.30,5.40,65.00,DIR
106,2LZMA,1CU3,A,M87V,2.30,5.40,65.00,INV
107,2LZMA,1L63,A,V87I,-0.30,5.40,61.00,DIR
107,2LZMA,1P2L,A,I87V,0.30,5.40,61.00,INV
108,2LZMA,1L63,A,V87T,-1.60,3.00,52.00,DIR
108,2LZMA,128L,A,T87V,1.60,3.00,52.00,INV
109,2LZMA,1L63,A,L91A,-2.60,3.00,44.00,DIR
109,2LZMA,1CU6,A,A91L,2.60,3.00,44.00,INV
110,2LZMA,1L63,A,L91M,-0.80,5.40,59.00,DIR
110,2LZMA,1CU5,A,M91L,0.80,5.40,59.00,INV
111,2LZMA,1L63,A,D92N,-1.40,6.70,62.00,DIR
111,2LZMA,1L55,A,N92D,1.40,6.70,62.00,INV
112,2LZMA,1L63,A,A93S,-0.20,3.00,52.00,DIR
112,2LZMA,224L,A,S93A,0.20,3.00,52.00,INV
113,2LZMA,1L63,A,A98C,-1.00,3.00,40.00,DIR
113,2LZMA,1QSB,A,C98A,1.00,3.00,40.00,INV
114,2LZMA,1L63,A,A98L,-4.30,3.00,40.00,DIR
114,2LZMA,1QS5,A,L98A,4.30,3.00,40.00,INV
115,2LZMA,1L63,A,A98S,-2.50,3.00,52.00,DIR
115,2LZMA,125L,A,S98A,2.50,3.00,52.00,INV
116,2LZMA,1L63,A,A98V,-3.20,3.00,40.00,DIR
116,2LZMA,1QS9,A,V98A,3.20,3.00,40.00,INV
117,2LZMA,1L63,A,L99A,-4.50,5.70,65.00,DIR
117,2LZMA,1L90,A,A99L,4.50,5.70,65.00,INV
118,2LZMA,1L63,A,L99F,-0.30,5.70,65.00,DIR
118,2LZMA,1L91,A,F99L,0.30,5.70,65.00,INV
119,2LZMA,1L63,A,L99I,-1.50,5.70,65.00,DIR
119,2LZMA,1L92,A,I99L,1.50,5.70,65.00,INV
120,2LZMA,1L63,A,L99M,-0.60,5.70,65.00,DIR
120,2LZMA,1L93,A,M99L,0.60,5.70,65.00,INV
121,2LZMA,1L63,A,L99V,-2.00,5.70,65.00,DIR
121,2LZMA,1L94,A,V99L,2.00,5.70,65.00,INV
122,2LZMA,1L63,A,I100A,-3.40,3.00,44.00,DIR
122,2LZMA,244L,A,A100I,3.40,3.00,44.00,INV
123,2LZMA,1L63,A,I100M,-1.60,5.40,65.00,DIR
123,2LZMA,1CUP,A,M100I,1.60,5.40,65.00,INV
124,2LZMA,1L63,A,I100V,-0.40,5.40,61.00,DIR
124,2LZMA,1P36,A,V100I,0.40,5.40,61.00,INV
125,2LZMA,1L63,A,N101A,-1.50,5.40,59.00,DIR
125,2LZMA,1I6S,A,A101N,1.50,5.40,59.00,INV
126,2LZMA,1L63,A,M102L,-1.00,5.40,61.00,DIR
126,2LZMA,1L77,A,L102M,1.00,5.40,61.00,INV
127,2LZMA,1L63,A,V103A,-2.20,3.00,44.00,DIR
127,2LZMA,238L,A,A103V,2.20,3.00,44.00,INV
128,2LZMA,1L63,A,V103I,-0.50,5.40,61.00,DIR
128,2LZMA,1P7S,A,I103V,0.50,5.40,61.00,INV
129,2LZMA,1L63,A,V103M,-1.20,5.40,65.00,DIR
129,2LZMA,1CUQ,A,M103V,1.20,5.40,65.00,INV
130,2LZMA,1L63,A,F104M,-0.40,5.40,65.00,DIR
130,2LZMA,1CV0,A,M104F,0.40,5.40,65.00,INV
131,2LZMA,1L63,A,Q105M,-1.20,5.40,59.00,DIR
131,2LZMA,1G1W,A,M105Q,1.20,5.40,59.00,INV
132,2LZMA,1L63,A,M106I,0.20,5.40,61.00,DIR
132,2LZMA,1P46,A,I106M,-0.20,5.40,61.00,INV
133,2LZMA,1L63,A,M106L,0.50,3.00,47.00,DIR
133,2LZMA,234L,A,L106M,-0.50,3.00,47.00,INV
134,2LZMA,1L63,A,M106K,-3.40,3.00,47.00,DIR
134,2LZMA,231L,A,K106M,3.40,3.00,47.00,INV
135,2LZMA,1L63,A,T109D,0.60,6.70,62.00,DIR
135,2LZMA,1L62,A,D109T,-0.60,6.70,62.00,INV
136,2LZMA,1L63,A,T109N,0.10,6.70,62.00,DIR
136,2LZMA,1L59,A,N109T,-0.10,6.70,62.00,INV
137,2LZMA,1L63,A,V111A,-1.30,3.00,44.00,DIR
137,2LZMA,235L,A,A111V,1.30,3.00,44.00,INV
138,2LZMA,1L63,A,V111I,-0.90,5.40,61.00,DIR
138,2LZMA,2L78,A,I111V,0.90,5.40,61.00,INV
139,2LZMA,1L63,A,V111M,-0.70,5.40,65.00,DIR
139,2LZMA,1CV1,A,M111V,0.70,5.40,65.00,INV
140,2LZMA,1L63,A,S117F,1.10,5.40,65.00,DIR
140,2LZMA,1TLA,A,F117S,-1.10,5.40,65.00,INV
141,2LZMA,1L63,A,L118A,-3.20,5.40,65.00,DIR
141,2LZMA,1CVK,A,A118L,3.20,5.40,65.00,INV
142,2LZMA,1L63,A,L118M,-0.70,5.40,65.00,DIR
142,2LZMA,1CV4,A,M118L,0.70,5.40,65.00,INV
143,2LZMA,1L63,A,M120L,0.50,3.00,47.00,DIR
143,2LZMA,233L,A,L120M,-0.50,3.00,47.00,INV
144,2LZMA,1L63,A,M120K,-1.60,3.00,47.00,DIR
144,2LZMA,232L,A,K120M,1.60,3.00,47.00,INV
145,2LZMA,1L63,A,M120Y,-0.10,5.40,61.00,DIR
145,2LZMA,1P6Y,A,Y120M,0.10,5.40,61.00,INV
146,2LZMA,1L63,A,L121M,-0.80,5.40,65.00,DIR
146,2LZMA,1CV3,A,M121L,0.80,5.40,65.00,INV
147,2LZMA,1L63,A,A129F,-1.20,3.00,40.00,DIR
147,2LZMA,1QTC,A,F129A,1.20,3.00,40.00,INV
148,2LZMA,1L63,A,A129W,-2.20,3.00,40.00,DIR
148,2LZMA,1QTD,A,W129A,2.20,3.00,40.00,INV
149,2LZMA,1L63,A,A130S,-1.00,3.00,52.00,DIR
149,2LZMA,118L,A,S130A,1.00,3.00,52.00,INV
150,2LZMA,1L63,A,L133F,-0.30,5.40,61.00,DIR
150,2LZMA,1P64,A,F133L,0.30,5.40,61.00,INV
151,2LZMA,1L63,A,L133M,-0.40,5.40,59.00,DIR
151,2LZMA,1CV5,A,M133L,0.40,5.40,59.00,INV
152,2LZMA,1L63,A,A134S,-0.10,3.00,52.00,DIR
152,2LZMA,119L,A,S134A,0.10,3.00,52.00,INV
153,2LZMA,1L63,A,N144E,0.50,6.50,65.00,DIR
153,2LZMA,1L39,A,E144N,-0.50,6.50,65.00,INV
154,2LZMA,1L63,A,V149A,-3.20,3.00,44.00,DIR
154,2LZMA,237L,A,A149V,3.20,3.00,44.00,INV
155,2LZMA,1L63,A,V149C,-2.00,5.40,59.00,DIR
155,2LZMA,1G07,A,C149V,2.00,5.40,59.00,INV
156,2LZMA,1L63,A,V149G,-4.90,5.40,59.00,DIR
156,2LZMA,1G0P,A,G149V,4.90,5.40,59.00,INV
157,2LZMA,1L63,A,V149I,-0.10,5.40,59.00,DIR
157,2LZMA,1G0Q,A,I149V,0.10,5.40,59.00,INV
158,2LZMA,1L63,A,V149M,-2.80,5.40,65.00,DIR
158,2LZMA,1CV6,A,M149V,2.80,5.40,65.00,INV
159,2LZMA,1L63,A,V149T,-2.80,3.00,52.00,DIR
159,2LZMA,126L,A,T149V,2.80,3.00,52.00,INV
160,2LZMA,1L63,A,V149S,-4.40,5.40,59.00,DIR
160,2LZMA,1G06,A,S149V,4.40,5.40,59.00,INV
161,2LZMA,1L63,A,T152A,-1.50,5.40,59.00,DIR
161,2LZMA,1G0G,A,A152T,1.50,5.40,59.00,INV
162,2LZMA,1L63,A,T152C,-0.50,5.40,59.00,DIR
162,2LZMA,1G0K,A,C152T,0.50,5.40,59.00,INV
163,2LZMA,1L63,A,T152I,-0.40,5.40,59.00,DIR
163,2LZMA,1G0M,A,I152T,0.40,5.40,59.00,INV
164,2LZMA,1L63,A,T152S,-2.00,5.40,59.00,DIR
164,2LZMA,1G0J,A,S152T,2.00,5.40,59.00,INV
165,2LZMA,1L63,A,T152V,0.20,5.40,59.00,DIR
165,2LZMA,1G0L,A,V152T,-0.20,5.40,59.00,INV
166,2LZMA,1L63,A,F153A,-3.80,5.70,65.00,DIR
166,2LZMA,1L85,A,A153F,3.80,5.70,65.00,INV
167,2LZMA,1L63,A,F153I,-0.20,5.70,65.00,DIR
167,2LZMA,1L86,A,I153F,0.20,5.70,65.00,INV
168,2LZMA,1L63,A,F153L,0.30,5.70,65.00,DIR
168,2LZMA,1L87,A,L153F,-0.30,5.70,65.00,INV
169,2LZMA,1L63,A,F153M,-0.60,5.70,65.00,DIR
169,2LZMA,1L88,A,M153F,0.60,5.70,65.00,INV
170,2LZMA,1L63,A,F153V,-1.80,5.70,65.00,DIR
170,2LZMA,1L95,A,V153F,1.80,5.70,65.00,INV
171,1EL1A,1LZ1,A,V2A,-1.50,2.70,65.00,DIR
171,1EL1A,1OUG,A,A2V,1.50,2.70,65.00,INV
172,1EL1A,1LZ1,A,V2G,-2.29,2.70,65.00,DIR
172,1EL1A,1GAY,A,G2V,2.29,2.70,65.00,INV
173,1EL1A,1LZ1,A,V2S,-1.40,2.70,65.00,DIR
173,1EL1A,1GF8,A,S2V,1.40,2.70,65.00,INV
174,1EL1A,1LZ1,A,V2Y,-0.40,2.70,65.00,DIR
174,1EL1A,1GF9,A,Y2V,0.40,2.70,65.00,INV
175,1EL1A,1LZ1,A,V2D,-1.40,2.70,65.00,DIR
175,1EL1A,1GFA,A,D2V,1.40,2.70,65.00,INV
176,1EL1A,1LZ1,A,V2N,-1.30,2.70,65.00,DIR
176,1EL1A,1GFE,A,N2V,1.30,2.70,65.00,INV
177,1EL1A,1LZ1,A,V2R,-0.40,2.70,65.00,DIR
177,1EL1A,1GFG,A,R2V,0.40,2.70,65.00,INV
178,1EL1A,1LZ1,A,V2L,-0.05,2.70,65.00,DIR
178,1EL1A,1GB0,A,L2V,0.05,2.70,65.00,INV
179,1EL1A,1LZ1,A,V2M,-0.20,2.70,65.00,DIR
179,1EL1A,1GB2,A,M2V,0.20,2.70,65.00,INV
180,1EL1A,1LZ1,A,V2F,-0.80,2.70,65.00,DIR
180,1EL1A,1GB3,A,F2V,0.80,2.70,65.00,INV
181,1EL1A,1LZ1,A,Y20F,-0.50,2.70,65.00,DIR
181,1EL1A,1WQN,A,F20Y,0.50,2.70,65.00,INV
182,1EL1A,1LZ1,A,I23A,-2.50,2.70,65.00,DIR
182,1EL1A,2HEB,A,A23I,2.50,2.70,65.00,INV
183,1EL1A,1LZ1,A,I23V,-0.40,2.70,65.00,DIR
183,1EL1A,1YAN,A,V23I,0.40,2.70,65.00,INV
184,1EL1A,1LZ1,A,Y38F,-0.20,2.70,65.00,DIR
184,1EL1A,1WQO,A,F38Y,0.20,2.70,65.00,INV
185,1EL1A,1LZ1,A,Y45F,0.10,2.70,65.00,DIR
185,1EL1A,1WQP,A,F45Y,-0.10,2.70,65.00,INV
186,1EL1A,1LZ1,A,A47P,0.10,2.80,69.00,DIR
186,1EL1A,1LHL,A,P47A,-0.10,2.80,69.00,INV
187,1EL1A,1LZ1,A,Y54F,-1.00,2.70,65.00,DIR
187,1EL1A,1WQQ,A,F54Y,1.00,2.70,65.00,INV
188,1EL1A,1LZ1,A,I56A,-3.70,2.70,65.00,DIR
188,1EL1A,2HEC,A,A56I,3.70,2.70,65.00,INV
189,1EL1A,1LZ1,A,I56T,-3.60,2.70,65.00,DIR
189,1EL1A,1OUA,A,T56I,3.60,2.70,65.00,INV
190,1EL1A,1LZ1,A,I56V,-1.20,2.70,65.00,DIR
190,1EL1A,1YAO,A,V56I,1.20,2.70,65.00,INV
191,1EL1A,1LZ1,A,I59A,-1.70,2.70,65.00,DIR
191,1EL1A,2HED,A,A59I,1.70,2.70,65.00,INV
192,1EL1A,1LZ1,A,I59G,-3.80,2.70,65.00,DIR
192,1EL1A,2HEE,A,G59I,3.80,2.70,65.00,INV
193,1EL1A,1LZ1,A,I59V,-1.10,2.70,65.00,DIR
193,1EL1A,1YAP,A,V59I,1.10,2.70,65.00,INV
194,1EL1A,1LZ1,A,Y63F,-0.20,2.70,65.00,DIR
194,1EL1A,1WQR,A,F63Y,0.20,2.70,65.00,INV
195,1EL1A,1LZ1,A,P71G,-1.60,2.80,69.00,DIR
195,1EL1A,1LHI,A,G71P,1.60,2.80,69.00,INV
196,1EL1A,1LZ1,A,V74A,-0.40,2.70,65.00,DIR
196,1EL1A,1OUH,A,A74V,0.40,2.70,65.00,INV
197,1EL1A,1LZ1,A,V74G,-0.10,2.70,65.00,DIR
197,1EL1A,1GB5,A,G74V,0.10,2.70,65.00,INV
198,1EL1A,1LZ1,A,V74I,0.45,2.70,65.00,DIR
198,1EL1A,1GB6,A,I74V,-0.45,2.70,65.00,INV
199,1EL1A,1LZ1,A,V74L,0.19,2.70,65.00,DIR
199,1EL1A,1GB7,A,L74V,-0.19,2.70,65.00,INV
200,1EL1A,1LZ1,A,V74M,0.65,2.70,65.00,DIR
200,1EL1A,1GB8,A,M74V,-0.65,2.70,65.00,INV
201,1EL1A,1LZ1,A,V74F,0.00,2.70,65.00,DIR
201,1EL1A,1GB9,A,F74V,0.00,2.70,65.00,INV
202,1EL1A,1LZ1,A,V74Y,-0.30,2.70,65.00,DIR
202,1EL1A,1GFH,A,Y74V,0.30,2.70,65.00,INV
203,1EL1A,1LZ1,A,V74D,-0.40,2.70,65.00,DIR
203,1EL1A,1GFJ,A,D74V,0.40,2.70,65.00,INV
204,1EL1A,1LZ1,A,V74N,-0.30,2.70,65.00,DIR
204,1EL1A,1GFK,A,N74V,0.30,2.70,65.00,INV
205,1EL1A,1LZ1,A,V74R,-0.10,2.70,65.00,DIR
205,1EL1A,1GFR,A,R74V,0.10,2.70,65.00,INV
206,1EL1A,1LZ1,A,V74S,-0.40,2.70,65.00,DIR
206,1EL1A,1B7S,A,S74V,0.40,2.70,65.00,INV
207,1EL1A,1LZ1,A,C77A,-4.60,4.50,57.00,DIR
207,1EL1A,1HNL,A,A77C,4.60,4.50,57.00,INV
208,1EL1A,1LZ1,A,I89A,-2.70,2.70,65.00,DIR
208,1EL1A,2HEF,A,A89I,2.70,2.70,65.00,INV
209,1EL1A,1LZ1,A,I89V,-0.50,2.70,65.00,DIR
209,1EL1A,1YAQ,A,V89I,0.50,2.70,65.00,INV
210,1EL1A,1LZ1,A,D91P,-0.40,2.80,69.00,DIR
210,1EL1A,1LHK,A,P91D,0.40,2.80,69.00,INV
211,1EL1A,1LZ1,A,V93A,-0.70,2.70,65.00,DIR
211,1EL1A,1OUI,A,A93V,0.70,2.70,65.00,INV
212,1EL1A,1LZ1,A,V99A,-1.00,2.70,65.00,DIR
212,1EL1A,1OUJ,A,A99V,1.00,2.70,65.00,INV
213,1EL1A,1LZ1,A,V100A,-0.30,2.70,65.00,DIR
213,1EL1A,1OUB,A,A100V,0.30,2.70,65.00,INV
214,1EL1A,1LZ1,A,P103G,-0.10,2.80,69.00,DIR
214,1EL1A,1LHJ,A,G103P,0.10,2.80,69.00,INV
215,1EL1A,1LZ1,A,I106A,-0.90,2.70,65.00,DIR
215,1EL1A,2HEA,A,A106I,0.90,2.70,65.00,INV
216,1EL1A,1LZ1,A,I106V,-0.70,2.70,65.00,DIR
216,1EL1A,1YAM,A,V106I,0.70,2.70,65.00,INV
217,1EL1A,1LZ1,A,V110A,0.50,2.70,65.00,DIR
217,1EL1A,1OUC,A,A110V,-0.50,2.70,65.00,INV
218,1EL1A,1LZ1,A,V110D,0.20,2.70,65.00,DIR
218,1EL1A,1GFU,A,D110V,-0.20,2.70,65.00,INV
219,1EL1A,1LZ1,A,V110G,0.48,2.70,65.00,DIR
219,1EL1A,1GBO,A,G110V,-0.48,2.70,65.00,INV
220,1EL1A,1LZ1,A,V110I,0.86,2.70,65.00,DIR
220,1EL1A,1GBW,A,I110V,-0.86,2.70,65.00,INV
221,1EL1A,1LZ1,A,V110L,0.10,2.70,65.00,DIR
221,1EL1A,1GBX,A,L110V,-0.10,2.70,65.00,INV
222,1EL1A,1LZ1,A,V110M,0.40,2.70,65.00,DIR
222,1EL1A,1GBY,A,M110V,-0.40,2.70,65.00,INV
223,1EL1A,1LZ1,A,V110N,0.10,2.70,65.00,DIR
223,1EL1A,1GFV,A,N110V,-0.10,2.70,65.00,INV
224,1EL1A,1LZ1,A,V110R,0.90,2.70,65.00,DIR
224,1EL1A,1INU,A,R110V,-0.90,2.70,65.00,INV
225,1EL1A,1LZ1,A,V110F,-0.05,2.70,65.00,DIR
225,1EL1A,1GBZ,A,F110V,0.05,2.70,65.00,INV
226,1EL1A,1LZ1,A,V110P,0.50,2.80,69.00,DIR
226,1EL1A,1LHH,A,P110V,-0.50,2.80,69.00,INV
227,1EL1A,1LZ1,A,V110Y,-0.10,2.70,65.00,DIR
227,1EL1A,1GFT,A,Y110V,0.10,2.70,65.00,INV
228,1EL1A,1LZ1,A,V121A,-1.40,2.70,65.00,DIR
228,1EL1A,1OUD,A,A121V,1.40,2.70,65.00,INV
229,1EL1A,1LZ1,A,Y124F,-0.40,2.70,65.00,DIR
229,1EL1A,1WQM,A,F124Y,0.40,2.70,65.00,INV
230,1EL1A,1LZ1,A,V125A,-1.30,2.70,65.00,DIR
230,1EL1A,1OUE,A,A125V,1.30,2.70,65.00,INV
231,1EL1A,1LZ1,A,V130A,-0.80,2.70,65.00,DIR
231,1EL1A,1OUF,A,A130V,0.80,2.70,65.00,INV
232,1OH0A,1OH0,A,Y32F,0.20,7.00,25.00,DIR
232,1OH0A,1DMQ,A,F32Y,-0.20,7.00,25.00,INV
233,1OH0A,1OH0,A,Y57F,-1.20,7.00,25.00,DIR
233,1OH0A,1DMM,A,F57Y,1.20,7.00,25.00,INV
234,1RN1C,1RN1,C,Q25K,0.93,7.00,25.00,DIR
234,1RN1C,1RGC,A,K25Q,-0.93,7.00,25.00,INV
235,1VQBA,1VQB,A,I47L,-0.40,7.10,25.00,DIR
235,1VQBA,1VQG,A,L47I,0.40,7.10,25.00,INV
236,1VQBA,1VQB,A,I47M,-1.70,7.10,25.00,DIR
236,1VQBA,1VQH,A,M47I,1.70,7.10,25.00,INV
237,1VQBA,1VQB,A,I47V,-2.00,7.10,25.00,DIR
237,1VQBA,1VQI,A,V47I,2.00,7.10,25.00,INV
238,1VQBA,1VQB,A,V35I,-0.60,7.10,25.00,DIR
238,1VQBA,1VQJ,A,I35V,0.60,7.10,25.00,INV
239,1VQBA,1VQB,A,Y41F,-3.20,7.10,25.00,DIR
239,1VQBA,1YHB,A,F41Y,3.20,7.10,25.00,INV
240,2LZMA,2LZM,A,I3L,0.70,5.40,70.00,DIR
240,2LZMA,149L,A,L3I,-0.70,5.40,70.00,INV
241,2LZMA,2LZM,A,I3C,1.20,6.50,65.00,DIR
241,2LZMA,172L,A,C3I,-1.20,6.50,65.00,INV
242,2LZMA,2LZM,A,I3P,-3.00,2.00,39.00,DIR
242,2LZMA,1L96,A,P3I,3.00,2.00,39.00,INV
243,2LZMA,2LZM,A,I3Y,-2.30,6.50,65.00,DIR
243,2LZMA,1L18,A,Y3I,2.30,6.50,65.00,INV
244,2LZMA,2LZM,A,I3V,-0.40,6.50,65.00,DIR
244,2LZMA,1L17,A,V3I,0.40,6.50,65.00,INV
245,2LZMA,2LZM,A,M6I,-1.40,6.50,65.00,DIR
245,2LZMA,150L,A,I6M,1.40,6.50,65.00,INV
246,2LZMA,2LZM,A,K16E,0.50,5.30,67.00,DIR
246,2LZMA,1L42,A,E16K,-0.50,5.30,67.00,INV
247,2LZMA,2LZM,A,S38D,0.60,5.40,70.00,DIR
247,2LZMA,1L19,A,D38S,-0.60,5.40,70.00,INV
248,2LZMA,2LZM,A,N55G,-0.60,6.50,42.00,DIR
248,2LZMA,1L21,A,G55N,0.60,6.50,42.00,INV
249,2LZMA,2LZM,A,K60P,0.00,6.50,65.00,DIR
249,2LZMA,1L56,A,P60K,0.00,6.50,65.00,INV
250,2LZMA,2LZM,A,G77A,0.40,6.50,65.00,DIR
250,2LZMA,1L23,A,A77G,-0.40,6.50,65.00,INV
251,2LZMA,2LZM,A,A82P,0.80,6.50,65.00,DIR
251,2LZMA,1L24,A,P82A,-0.80,6.50,65.00,INV
252,2LZMA,2LZM,A,K85A,-0.60,5.40,58.00,DIR
252,2LZMA,3C81,A,A85K,0.60,5.40,58.00,INV
253,2LZMA,2LZM,A,D89A,-0.50,5.40,58.00,DIR
253,2LZMA,3C83,A,A89D,0.50,5.40,58.00,INV
254,2LZMA,2LZM,A,R96A,-2.00,5.40,58.00,DIR
254,2LZMA,3C7Y,A,A96R,2.00,5.40,58.00,INV
255,2LZMA,2LZM,A,R96D,-3.50,5.40,58.00,DIR
255,2LZMA,3C8Q,A,D96R,3.50,5.40,58.00,INV
256,2LZMA,2LZM,A,R96M,-2.70,5.40,58.00,DIR
256,2LZMA,3CDV,A,M96R,2.70,5.40,58.00,INV
257,2LZMA,2LZM,A,R96E,-2.50,5.40,58.00,DIR
257,2LZMA,3C8S,A,E96R,2.50,5.40,58.00,INV
258,2LZMA,2LZM,A,R96G,-2.60,5.40,58.00,DIR
258,2LZMA,3C8R,A,G96R,2.60,5.40,58.00,INV
259,2LZMA,2LZM,A,R96Q,-0.30,5.40,58.00,DIR
259,2LZMA,3CDR,A,Q96R,0.30,5.40,58.00,INV
260,2LZMA,2LZM,A,R96H,-3.10,5.40,58.00,DIR
260,2LZMA,3F8V,A,H96R,3.10,5.40,58.00,INV
261,2LZMA,2LZM,A,R96N,-3.00,5.40,58.00,DIR
261,2LZMA,3CDT,A,N96R,3.00,5.40,58.00,INV
262,2LZMA,2LZM,A,R96K,0.00,5.40,58.00,DIR
262,2LZMA,3C7W,A,K96R,0.00,5.40,58.00,INV
263,2LZMA,2LZM,A,R96S,-2.60,5.40,58.00,DIR
263,2LZMA,3CDQ,A,S96R,2.60,5.40,58.00,INV
264,2LZMA,2LZM,A,R96Y,-4.70,5.40,58.00,DIR
264,2LZMA,3C80,A,Y96R,4.70,5.40,58.00,INV
265,2LZMA,2LZM,A,R96V,-2.40,5.40,58.00,DIR
265,2LZMA,3CDO,A,V96R,2.40,5.40,58.00,INV
266,2LZMA,2LZM,A,R96W,-4.50,5.40,58.00,DIR
266,2LZMA,3FI5,A,W96R,4.50,5.40,58.00,INV
267,2LZMA,2LZM,A,A98V,-4.90,3.00,40.00,DIR
267,2LZMA,1L48,A,V98A,4.90,3.00,40.00,INV
268,2LZMA,2LZM,A,Q105A,-0.60,5.80,66.00,DIR
268,2LZMA,1L00,A,A105Q,0.60,5.80,66.00,INV
269,2LZMA,2LZM,A,Q105E,-1.10,5.80,66.00,DIR
269,2LZMA,1L98,A,E105Q,1.10,5.80,66.00,INV
270,2LZMA,2LZM,A,Q105G,-1.50,5.80,66.00,DIR
270,2LZMA,1L99,A,G105Q,1.50,5.80,66.00,INV
271,2LZMA,2LZM,A,G113A,0.30,6.50,65.00,DIR
271,2LZMA,1L60,A,A113G,-0.30,6.50,65.00,INV
272,2LZMA,2LZM,A,T115E,0.30,6.50,65.00,DIR
272,2LZMA,1L37,A,E115T,-0.30,6.50,65.00,INV
273,2LZMA,2LZM,A,N116D,0.60,5.70,66.00,DIR
273,2LZMA,1L57,A,D116N,-0.60,5.70,66.00,INV
274,2LZMA,2LZM,A,R119E,-0.04,5.30,67.00,DIR
274,2LZMA,1L44,A,E119R,0.04,5.30,67.00,INV
275,2LZMA,2LZM,A,Q123E,0.40,6.50,65.00,DIR
275,2LZMA,1L38,A,E123Q,-0.40,6.50,65.00,INV
276,2LZMA,2LZM,A,K124G,-0.10,6.50,42.00,DIR
276,2LZMA,1L22,A,G124K,0.10,6.50,42.00,INV
277,2LZMA,2LZM,A,V131A,0.30,2.00,41.00,DIR
277,2LZMA,1L33,A,A131V,-0.30,2.00,41.00,INV
278,2LZMA,2LZM,A,V131D,0.10,3.00,53.00,DIR
278,2LZMA,1DYA,A,D131V,-0.10,3.00,53.00,INV
279,2LZMA,2LZM,A,V131G,-0.70,3.00,53.00,DIR
279,2LZMA,1DYB,A,G131V,0.70,3.00,53.00,INV
280,2LZMA,2LZM,A,V131I,0.20,3.00,53.00,DIR
280,2LZMA,1DYC,A,I131V,-0.20,3.00,53.00,INV
281,2LZMA,2LZM,A,V131L,0.10,3.00,53.00,DIR
281,2LZMA,1DYD,A,L131V,-0.10,3.00,53.00,INV
282,2LZMA,2LZM,A,V131S,-0.10,3.00,53.00,DIR
282,2LZMA,1DYE,A,S131V,0.10,3.00,53.00,INV
283,2LZMA,2LZM,A,V131M,0.10,3.00,53.00,DIR
283,2LZMA,1DYF,A,M131V,-0.10,3.00,53.00,INV
284,2LZMA,2LZM,A,V131E,0.20,3.00,53.00,DIR
284,2LZMA,1DYG,A,E131V,-0.20,3.00,53.00,INV
285,2LZMA,2LZM,A,L133A,-4.20,2.00,41.00,DIR
285,2LZMA,1L69,A,A133L,4.20,2.00,41.00,INV
286,2LZMA,2LZM,A,K135E,-1.00,5.30,67.00,DIR
286,2LZMA,1L45,A,E135K,1.00,5.30,67.00,INV
287,2LZMA,2LZM,A,N144D,0.40,5.40,70.00,DIR
287,2LZMA,1L20,A,D144N,-0.40,5.40,70.00,INV
288,2LZMA,2LZM,A,K147E,-0.70,5.30,67.00,DIR
288,2LZMA,1L46,A,E147K,0.70,5.30,67.00,INV
289,2LZMA,2LZM,A,V149C,-2.20,3.00,40.00,DIR
289,2LZMA,1L53,A,C149V,2.20,3.00,40.00,INV
290,2LZMA,2LZM,A,T152S,-2.60,3.00,40.00,DIR
290,2LZMA,1L52,A,S152T,2.60,3.00,40.00,INV
291,2LZMA,2LZM,A,R154E,-1.10,5.30,67.00,DIR
291,2LZMA,1L47,A,E154R,1.10,5.30,67.00,INV
292,2LZMA,2LZM,A,G156D,-2.30,6.50,65.00,DIR
292,2LZMA,1L16,A,D156G,2.30,6.50,65.00,INV
293,2LZMA,2LZM,A,T157A,-0.50,3.00,54.00,DIR
293,2LZMA,1L02,A,A157T,0.50,3.00,54.00,INV
294,2LZMA,2LZM,A,T157C,-1.30,2.00,42.00,DIR
294,2LZMA,1L03,A,C157T,1.30,2.00,42.00,INV
295,2LZMA,2LZM,A,T157D,-1.10,2.00,42.00,DIR
295,2LZMA,1L04,A,D157T,1.10,2.00,42.00,INV
296,2LZMA,2LZM,A,T157E,-0.80,3.00,54.00,DIR
296,2LZMA,1L06,A,E157T,0.80,3.00,54.00,INV
297,2LZMA,2LZM,A,T157F,-2.40,2.00,42.00,DIR
297,2LZMA,1L07,A,F157T,2.40,2.00,42.00,INV
298,2LZMA,2LZM,A,T157G,-1.10,2.00,42.00,DIR
298,2LZMA,1L08,A,G157T,1.10,2.00,42.00,INV
299,2LZMA,2LZM,A,T157H,-2.10,2.00,42.00,DIR
299,2LZMA,1L09,A,H157T,2.10,2.00,42.00,INV
300,2LZMA,2LZM,A,T157I,-1.50,3.00,54.00,DIR
300,2LZMA,1L10,A,I157T,1.50,3.00,54.00,INV
301,2LZMA,2LZM,A,T157L,-1.70,3.00,54.00,DIR
301,2LZMA,1L11,A,L157T,1.70,3.00,54.00,INV
302,2LZMA,2LZM,A,T157N,-1.20,3.00,54.00,DIR
302,2LZMA,1L12,A,N157T,1.20,3.00,54.00,INV
303,2LZMA,2LZM,A,T157R,0.30,3.00,54.00,DIR
303,2LZMA,1L13,A,R157T,-0.30,3.00,54.00,INV
304,2LZMA,2LZM,A,T157S,-0.70,2.00,42.00,DIR
304,2LZMA,1L14,A,S157T,0.70,2.00,42.00,INV
305,2LZMA,2LZM,A,T157V,-1.20,3.00,54.00,DIR
305,2LZMA,1L15,A,V157T,1.20,3.00,54.00,INV
306,2RN2A,2RN2,A,D10N,0.90,6.00,50.00,DIR
306,2RN2A,1RDA,A,N10D,-0.90,6.00,50.00,INV
307,2RN2A,2RN2,A,E48Q,0.20,6.00,50.00,DIR
307,2RN2A,1RDB,A,Q48E,-0.20,6.00,50.00,INV
308,2RN2A,2RN2,A,A52F,-0.50,3.20,53.00,DIR
308,2RN2A,3AA5,X,F52A,0.50,3.20,53.00,INV
309,2RN2A,2RN2,A,A52I,1.90,3.20,53.00,DIR
309,2RN2A,3AA2,A,I52A,-1.90,3.20,53.00,INV
310,2RN2A,2RN2,A,A52L,1.30,3.20,53.00,DIR
310,2RN2A,3AA3,A,L52A,-1.30,3.20,53.00,INV
311,2RN2A,2RN2,A,A52V,1.70,3.20,53.00,DIR
311,2RN2A,3AA4,A,V52A,-1.70,3.20,53.00,INV
312,2RN2A,2RN2,A,H62A,0.40,5.50,25.00,DIR
312,2RN2A,1RBS,A,A62H,-0.40,5.50,25.00,INV
313,2RN2A,2RN2,A,H62P,1.10,5.50,25.00,DIR
313,2RN2A,1RBR,A,P62H,-1.10,5.50,25.00,INV
314,2RN2A,2RN2,A,D70N,0.90,6.00,50.00,DIR
314,2RN2A,1RDC,A,N70D,-0.90,6.00,50.00,INV
315,2RN2A,2RN2,A,V74L,1.00,5.50,53.00,DIR
315,2RN2A,1LAV,A,L74V,-1.00,5.50,53.00,INV
316,2RN2A,2RN2,A,V74I,0.60,5.50,53.00,DIR
316,2RN2A,1LAW,A,I74V,-0.60,5.50,53.00,INV
317,2RN2A,2RN2,A,G77A,-0.90,3.00,50.00,DIR
317,2RN2A,1GOB,A,A77G,0.90,3.00,50.00,INV
318,2RN2A,2RN2,A,K95A,0.10,5.50,52.00,DIR
318,2RN2A,1RBV,A,A95K,-0.10,5.50,52.00,INV
319,2RN2A,2RN2,A,K95G,1.90,5.50,52.00,DIR
319,2RN2A,1RBT,A,G95K,-1.90,5.50,52.00,INV
320,2RN2A,2RN2,A,K95N,0.90,5.50,52.00,DIR
320,2RN2A,1RBU,A,N95K,-0.90,5.50,52.00,INV
321,2RN2A,2RN2,A,D134A,2.10,5.50,50.00,DIR
321,2RN2A,1KVA,A,A134D,-2.10,5.50,50.00,INV
322,2RN2A,2RN2,A,D134H,2.30,5.50,50.00,DIR
322,2RN2A,1KVB,A,H134D,-2.30,5.50,50.00,INV
323,2RN2A,2RN2,A,D134N,1.00,5.50,50.00,DIR
323,2RN2A,1KVC,A,N134D,-1.00,5.50,50.00,INV
324,1EL1A,4LYZ,A,M12F,0.50,5.50,35.00,DIR
324,1EL1A,1IOS,A,F12M,-0.50,5.50,35.00,INV
325,1EL1A,4LYZ,A,M12L,-0.40,5.50,35.00,DIR
325,1EL1A,1IOT,A,L12M,0.40,5.50,35.00,INV
326,1EL1A,4LYZ,A,T40S,-0.30,6.40,74.00,DIR
326,1EL1A,1HER,A,S40T,0.30,6.40,74.00,INV
327,1EL1A,4LYZ,A,G49A,-1.90,2.70,25.00,DIR
327,1EL1A,1FN5,A,A49G,1.90,2.70,25.00,INV
328,1EL1A,4LYZ,A,I55V,-0.90,6.40,74.00,DIR
328,1EL1A,1HEO,A,V55I,0.90,6.40,74.00,INV
329,1EL1A,4LYZ,A,I58M,-1.20,5.50,35.00,DIR
329,1EL1A,1IR8,A,M58I,1.20,5.50,35.00,INV
330,1EL1A,4LYZ,A,G67A,-0.50,2.70,25.00,DIR
330,1EL1A,1FLU,A,A67G,0.50,2.70,25.00,INV
331,1EL1A,4LYZ,A,G71A,-0.38,2.70,25.00,DIR
331,1EL1A,1FLW,A,A71G,0.38,2.70,25.00,INV
332,1EL1A,4LYZ,A,I78M,-0.90,5.50,35.00,DIR
332,1EL1A,1IR7,A,M78I,0.90,5.50,35.00,INV
333,1EL1A,4LYZ,A,S91A,-0.20,6.40,74.00,DIR
333,1EL1A,1LSN,A,A91S,0.20,6.40,74.00,INV
334,1EL1A,4LYZ,A,S91T,1.00,6.40,74.00,DIR
334,1EL1A,1HEM,A,T91S,-1.00,6.40,74.00,INV
335,1EL1A,4LYZ,A,I98M,-0.90,5.50,35.00,DIR
335,1EL1A,1IR9,A,M98I,0.90,5.50,35.00,INV
336,1EL1A,4LYZ,A,G102A,0.02,2.70,25.00,DIR
336,1EL1A,1FLY,A,A102G,-0.02,2.70,25.00,INV
337,1EL1A,4LYZ,A,G117A,-1.46,2.70,25.00,DIR
337,1EL1A,1FLQ,A,A117G,1.46,2.70,25.00,INV
338,1BPIA,5PTI,A,F22A,-1.20,2.00,25.00,DIR
338,1BPIA,1BTI,A,A22F,1.20,2.00,25.00,INV
339,1BPIA,5PTI,A,Y23A,-5.90,2.00,25.00,DIR
339,1BPIA,1BPT,A,A23Y,5.90,2.00,25.00,INV
340,1BPIA,5PTI,A,Y35G,-5.00,2.00,25.00,DIR
340,1BPIA,8PTI,A,G35Y,5.00,2.00,25.00,INV
341,1BPIA,5PTI,A,N43G,-5.70,2.00,25.00,DIR
341,1BPIA,1NAG,A,G43N,5.70,2.00,25.00,INV
342,1BPIA,5PTI,A,F45A,-6.90,2.00,25.00,DIR
342,1BPIA,1FAN,A,A45F,6.90,2.00,25.00,INV
